Response ID,Date submitted,Last page,Start language,Date started,Date last action,In which country do you work?,In which country do you work? [Other],Do you write software for research as part of your job?,What is the highest level of education you have attained?,In which discipline is your highest academic qualification?,In which discipline is your highest academic qualification? [Other],"List any professional qualifications you hold (eg. P. Eng, PMP, …)","On average, how much of your time is spent developing software?","On average, how much of your time is spent on research?","On average, how much of the time you spend developing software is spent on new development/enhancement?","On average, how much of the time you spend developing software is devoted to maintenance and support activities?","On average, how much time do you spend on management?","On average, how much time do you spend on other activities?",How many years of software development experience do you have?,Do you consider yourself a professional software developer?,How many software projects are you currently involved in?,How many software developers typically work on your projects?,What percentage of these developers are dedicated to the project full time?,How are your projects typically tested?  [No formal testing],How are your projects typically tested?  [The developers do their own testing],How are your projects typically tested?  [Dedicated test engineers],How are your projects typically tested?  [User testing],Do your research software projects typically include a project manager?,What development methodology does your current project use?,What development methodology does your current project use? [Other],Have you ever visited the Research Software Registry at science.canarie.ca?,How many software components from science.canarie.ca have you integrated into your projects?,What type of organization do you work for?,What type of organization do you work for? [Other],What is your current job title?,In which application area do you primarily work?,In which application area do you primarily work? [Other],What is the nature of your current employment?,What is the nature of your current employment? [Other],Do you work within a group that provides software development help or expertise to researchers from across your organization?,Is there such a group within your organization?,Do you think such a group would have value?,Would you be interested in participating in such a group?,Have you contributed software to research that has been published in a journal or presented at a conference?,"In general, when your software contributes to a paper, are you acknowledged in that paper?",Are you generally named as the main author of the paper?,Are you generally named as a co-author of the paper?,Are you generally acknowledged in the main paper?,Have you ever presented your software work at a conference or workshop? ,Which conference(s)/workshop(s)?,"When you release code, how often do you use an open source license?",List any open repositories (eg. GitHub) to which your software projects have been published.,"When you release code or data, how often do you assign a Digital Object Identifier (DOI) to it?","In your opinion, what are the three most important skills that a Research Software Developer must possess? These skills can be technical and non-technical.",What three skills would you like to acquire or improve to help your work as a Research Software Developer? These skills can be technical and non-technical.,What are the three tools or services you use most often in your software work?,What is your Operating System of choice for development?,What is your Operating System of choice for development? [Other],What is your Operating System of choice for deployment?,What is your Operating System of choice for deployment? [Other],"What programming languages do you use in developing research software? Please list in order, beginning with most frequently used.",What platform(s) are your research software projects deployed on? [Compute Canada HPC],What platform(s) are your research software projects deployed on? [University computer centre],What platform(s) are your research software projects deployed on? [Other HPC],What platform(s) are your research software projects deployed on? [Cloud service],What platform(s) are your research software projects deployed on? [Stand-alone server(s)],What platform(s) are your research software projects deployed on? [Laptop/desktop],What platform(s) are your research software projects deployed on? [Mobile],What platform(s) are your research software projects deployed on? [Other],Do any of your current projects make use of a data management or data archiving component?,Is it part of your software or an external system? (please specify),Do any of your current projects accommodate the open/public sharing of data?,Is the creation of a Digital Object Identifier (DOI) and metadata for individual assets supported?,Are you a member of an association of Research Software Developers (e.g UK RSE)?,Would you be interested in joining such an organization if one was formed in Canada?,What would you hope to get out of such an organization? [Networking],What would you hope to get out of such an organization? [Software collaborations],What would you hope to get out of such an organization? [Research collaborations],What would you hope to get out of such an organization? [Training],What would you hope to get out of such an organization? [Research Software Standards and Interoperability],What would you hope to get out of such an organization? [Job opportunities],What would you hope to get out of such an organization? [Other],How is your current research software work funded? [Employer],How is your current research software work funded? [CANARIE],How is your current research software work funded? [Canadian Foundation for Innovation (CFI)],How is your current research software work funded? [Canadian Institutes of Health Research (CIHR)],How is your current research software work funded? [Genome Canada],How is your current research software work funded? [Natural Sciences and Engineering Research Council of Canada (NSERC)],How is your current research software work funded? [Social Sciences and Humanities Research Council (SSHRC)],How is your current research software work funded? [I don't know],How is your current research software work funded? [Other],Have you developed software that is accessed from multiple institutions?,Do any of your current or previous projects make use of the Canadian Access Federation (CAF) Federated Identity Management (FIM) service?,"List any public identity providers (e.g. Google, Facebook, Live, LinkedIn, Twitter, etc.) used in your current or previous projects.",
40,2017-02-28 14:21:28,13,en,2017-02-28 14:13:24,2017-02-28 14:21:28,Canada,,No,Doctorate,Other,Humanities,,3,9,3,3,5 (about half my time),2,20,No,4,3-5,50%,No,Yes,No,Yes,Yes,Other,Mixed,Yes,0,University,,Distinguished Professor,Social sciences and humanities,,Full-time,,No,Yes,,,Yes,Yes,No,Yes,Yes,Yes,"DH, CDSH/SCHN, MLA",5 (Always),,3,"Creative and structured thinking
disciplinary aptitude
pertinent technical skills",as above.,,Mac OS,,Mac OS,,"mostly, rapid prototyping languages at the moment.",Yes,Yes,No,No,No,Yes,No,,Yes,External System,Yes,No,No,Yes,Yes,Yes,Yes,Yes,Yes,No,,Yes,No,Yes,No,No,No,Yes,No,,Yes,I'm not familiar with CAF,,
41,2017-02-28 17:01:45,13,fr,2017-02-28 14:13:56,2017-02-28 17:01:45,Canada,,Yes,Doctorate,Information technology,,Ing,4,4,8,2,2,2,21,Yes,5,3-5,25%,No,Yes,No,Yes,Yes,Scrum,,Yes,2,Non-profit,,Chercheur,Information technology,,Full-time,,No,Yes,,,Yes,Yes,Yes,Yes,Yes,Yes,"CONLL, ACFAS, COMPUTERM, TIA",5 (Always),Github,1 (Never),"Connaissance algorithmique
Test et validation logiciel
Capacité d'analyse",,"Eclipse
Code versioning
Continuous integration server",Windows,,GNU/Linux,,"Java, Scala, Python",No,No,Yes,Yes,Yes,No,No,,No,,No,,No,Yes,No,No,Yes,Yes,Yes,No,,Yes,Yes,No,No,No,Yes,Yes,No,,Yes,No,,
42,2017-02-28 14:29:05,13,en,2017-02-28 14:14:30,2017-02-28 14:29:05,Canada,,Yes,Doctorate,Theoretical physics and chemistry,,,3,7,6,3,2,2,40,No,1,10+,25%,No,Yes,No,No,No,No formal methodology,,No,,University,,Professor of Chemistry,Theoretical physics and chemistry,,Full-time,,No,No,Yes,Yes,Yes,No,No,No,No,Yes,"Many. American Chemical Society, Canadian Society for Chemistry, CECAM workshops, deMon Developers Workshop, Topical conferences on multiscale simulations of materials and biomaterials.",1 (Never),,1 (Never),"translating physical equations into algorithms
coding
selection of front-line applications","project management
version-handling
herding cats",,GNU/Linux,,GNU/Linux,,"Fortran, Python, C++",Yes,Yes,No,No,No,Yes,No,,No,,No,,No,Yes,Yes,No,No,Yes,Yes,No,,No,No,No,No,No,Yes,No,No,,No,I'm not familiar with CAF,,
43,2017-02-28 14:22:04,13,en,2017-02-28 14:14:57,2017-02-28 14:22:04,Canada,,No,Some College,Other,Dance,,10 (all my time),3,5 (about half my time),6,1 (never),2,10,Yes,5,3-5,75%,No,Yes,No,No,Yes,Kanban,,No,0,Other,Policial Party,Software Developer,Prefer not to answer,,Full-time,,No,No,No,,No,No,No,No,No,No,,4,"Github
BitBucket",1 (Never),Curiosity,"AI,Communications, Machine Learning","Git, Atom, Linux",GNU/Linux,,GNU/Linux,,"Ruby,JS",No,No,No,Yes,No,No,No,,No,,No,,No,No,N/A,N/A,N/A,N/A,N/A,N/A,,No,No,No,No,No,No,No,Yes,,No,No,,
44,2017-02-28 14:26:41,13,fr,2017-02-28 14:16:35,2017-02-28 14:26:41,Canada,,Yes,Masters Degree,Other,Bioinformatique,,4,2,6,2,2,2,5,No,4,Just me,0%,No,Yes,No,Yes,No,Kanban,,Yes,0,University,,professionnel de recherche,Other,Bioinformatique,Full-time,,No,No,No,,Yes,No,No,No,Yes,No,,5 (Always),Bioconductor,1 (Never),,,"Éditeur de texte
git
stackoverflow",GNU/Linux,,GNU/Linux,,"R, ruby (et RAILS), perl",No,No,No,No,Yes,Yes,No,,Yes,Software,Prefer not to answer,,No,Yes,Yes,No,No,Yes,Yes,Yes,,No,No,Yes,Yes,Yes,Yes,No,No,,Yes,I'm not familiar with CAF,,
46,2017-02-28 14:37:21,13,en,2017-02-28 14:23:47,2017-02-28 14:37:21,Canada,,Yes,Masters Degree,Molecular biology,,,7,3,5 (about half my time),3,2,3,12,No,4,Just me,75%,Yes,Yes,No,No,No,No formal methodology,,Yes,0,Government department,,Bioinformatics Programmer,Life sciences research related to human health and disease,,Full-time,,No,No,Yes,Yes,Yes,Yes,No,Yes,Yes,No,,5 (Always),,1 (Never),"Big picture view
Ability to dissect user requirements
Agile development","Project management
Advanced algorithm development
Big data","Netbeans
Hibernate
Struts2",GNU/Linux,,GNU/Linux,,"Java
Perl
R",No,No,No,No,Yes,No,No,,Yes,External System,No,,No,Yes,Yes,No,Yes,Yes,No,No,,Yes,No,No,No,No,No,No,No,,No,I'm not familiar with CAF,,
47,2017-02-28 14:40:49,13,en,2017-02-28 14:31:30,2017-02-28 14:40:49,Canada,,Yes,Doctorate,Other,Systems,CEng,3,4,3,1 (never),3,2,20,No,2,3-5,0%,Yes,No,No,No,Yes,No formal methodology,,No,0,University,,Asst Prof,Other,Green buildings,Full-time,,No,No,Yes,Yes,Yes,Yes,No,Yes,Yes,Yes,"GECCO
Building Simulation
CISBAT",5 (Always),GitHub,1 (Never),"Creative problem solving
Balancing time and reward
Persistance","Better programming knowledge
Better computer science knowledge
Better software development knowledge","Anaconda
Sublime",Windows,,Windows,,"Python
Matlab",Yes,No,No,No,Yes,Yes,No,,No,,Yes,No,No,Yes,Yes,Yes,Yes,Yes,No,Yes,,Yes,No,No,No,No,Yes,No,No,,Yes,I'm not familiar with CAF,,
48,2017-02-28 14:43:09,13,fr,2017-02-28 14:34:18,2017-02-28 14:43:09,Canada,,Yes,Masters Degree,Electrical and electronic engineering,,Ing,10 (all my time),1 (never),2,2,6,1 (never),17,Yes,2,6-9,25%,No,Yes,No,Yes,Yes,Kanban,,Yes,12,Non-profit,,Chargé de projets,Information technology,,Part-time,,Yes,,,,No,No,No,No,No,Yes,Plusieurs colloques et journées technos au CRIM. Canarie Summit.,5 (Always),GitHub,1 (Never),"Expertise
Minutie
Organisation","Leadership
Communication
Développement des affaires","Atlassian Suite
Google Docs",Mac OS,,GNU/Linux,,"JS
Scala",No,No,No,Yes,No,No,No,,Yes,Software,No,,No,No,N/A,N/A,N/A,N/A,N/A,N/A,,Yes,Yes,No,No,No,No,No,No,,Yes,No,"Google
Facebook
LinkedIn",
49,2017-02-28 14:42:06,13,en,2017-02-28 14:34:50,2017-02-28 14:42:06,Canada,,Yes,Doctorate,Astronomy and astrophysics,,,3,5 (about half my time),9,2,4,4,15,No,20,3-5,0%,Yes,Yes,No,Yes,No,No formal methodology,,Yes,0,University,,Associate Professor,Astronomy and astrophysics,,Full-time,,Yes,,,,Yes,Yes,No,Yes,Yes,Yes,Astronomical Data Analysis Software and Systems (ADASS),5 (Always),"GitHub, bitbucket",2,"Flexibility, Mathematical background, Initiative","Software Project Management, Testing structures, Time management","Git/github, OpenStack/AWS, Dockerhub",GNU/Linux,,GNU/Linux,,"Python, C++",Yes,Yes,Yes,Yes,Yes,Yes,No,,Yes,Software,Yes,Yes,No,No,N/A,N/A,N/A,N/A,N/A,N/A,,No,Yes,No,No,No,Yes,No,No,NSF,Yes,No,,
50,2017-02-28 14:43:17,13,en,2017-02-28 14:35:34,2017-02-28 14:43:17,Canada,,Yes,Masters Degree,Oceanography,,PMP,3,5 (about half my time),7,4,8,2,15,No,5,3-5,75%,No,Yes,Yes,Yes,Yes,Scrum,,Yes,0,Non-profit,,Data manager,Oceanography,,Full-time,,Yes,,,,Yes,Yes,No,Yes,Yes,No,,1 (Never),,1 (Never),"Understand field of research where software is needed (scientific skills)
Up to date knowledge of software development practises
Project management skills","Research current open source practises
Maintain current knowledge in technology
Update code skills in python","Matlab
Python and R on Jupyter
SQL developer",Mac OS,,Mac OS,,"Matlab, Python",No,No,No,No,Yes,Yes,No,,Yes,External System,Yes,No,No,Yes,Yes,Yes,Yes,Yes,Yes,No,,Yes,Yes,Yes,No,No,No,No,No,,No,I'm not familiar with CAF,,
51,2017-02-28 14:41:43,13,en,2017-02-28 14:35:44,2017-02-28 14:41:43,Canada,,No,Masters Degree,Other,computer engineering,,1 (never),4,1 (never),1 (never),10 (all my time),5 (about half my time),0,No,0,2,100%,No,Yes,No,No,Yes,Other,Agile,Yes,0,Non-profit,,commercialization manager,Information technology,,Full-time,,Yes,,,,Yes,No,No,No,No,Yes,IRMACS - http://www.irmac.ca/events/list.php?event_id=108,Prefer not to answer,Github,Prefer not to answer,"Logic/Reasoning, Time Management and Documentation","Code-release, documentation, software release","Slack, Outlook and Powerpoint",Mac OS,,Mac OS,,"Java, C, C++",No,Yes,No,Yes,No,No,No,,Yes,Software,Yes,Yes,No,Yes,Yes,No,No,No,No,No,,No,No,No,No,No,Yes,No,No,,Yes,I'm not familiar with CAF,"Google, Twitter, LinkedIn",
52,2017-02-28 14:59:54,13,en,2017-02-28 14:40:54,2017-02-28 14:59:54,Canada,,Yes,Doctorate,Applied mathematics,,P. Eng,8,8,8,2,2,3,56,Yes,8,6-9,75%,No,Yes,Yes,Yes,Yes,Other,agile,Yes,0,University,,Distinguished Professor Emeritus,Information technology,,Other,Retired but active,Yes,,,,Yes,Yes,Yes,Yes,Yes,Yes,During my career I have been author or co-author of over 280 refereed publications and 17 books. My work has been presented at over 180 different conferences. The list is too long to present here.,2,GitHub,1 (Never),"Design
Project and people management
Coding","Statistics applied to Big Data
Better understanding of various types of database structures (Graph ...)","PHP
JavaScript
SQL databases",Windows,,Other,We develop for all these platforms,"JavaScript
Java
Objective C",No,No,No,Yes,No,No,No,,Yes,Software,Yes,No,No,Yes,Yes,Yes,Yes,No,No,No,,No,No,No,No,No,Yes,Yes,No,private business,Yes,I'm not familiar with CAF,None,
53,2017-02-28 15:02:18,13,en,2017-02-28 14:42:05,2017-02-28 15:02:18,Canada,,No,Masters Degree,Earth science,,GIT,2,9,9,2,5 (about half my time),5 (about half my time),1,No,1,3-5,75%,No,Yes,No,Yes,Yes,No formal methodology,,Yes,0,University,,Project Manager,Geoghraphical information,,Full-time,,Yes,,,,No,Yes,Yes,Yes,Yes,Yes,AAG,1 (Never),N/A,1 (Never),"Time management
Interpersonal skills (user engagement and for meetings)
Programming","Programming
Technical communication
Market knowledge","Asana
Google Scholar
QGIS",Windows,,Windows,,Python,No,No,No,Yes,No,Yes,No,,Yes,External System,Yes,No,No,No,N/A,N/A,N/A,N/A,N/A,N/A,,No,Yes,No,No,No,No,No,No,,Yes,Yes,"Google, Facebook, LinkedIn, Twitter",
54,2017-02-28 14:56:19,13,en,2017-02-28 14:49:07,2017-02-28 14:56:19,Canada,,Yes,Masters Degree,Electrical and electronic engineering,,,5 (about half my time),5 (about half my time),10 (all my time),1 (never),1 (never),1 (never),5,Yes,2,3-5,75%,No,Yes,No,Yes,No,No formal methodology,,Yes,0,University,,Software Developer,Health Sciences,,Full-time,,Yes,,,,Yes,Yes,No,No,No,No,,4,"GitHub
Bitbucket",1 (Never),"Discipline
Flexibility
Mastery of code","Discipline
Mastery of code
Focus","GitHub
Travis
Slack",GNU/Linux,,GNU/Linux,,"Ruby
Python
C++",Yes,No,No,No,No,Yes,No,,Yes,Software,Yes,Prefer not to answer,No,Yes,Yes,Yes,Yes,Yes,Yes,Yes,,No,No,Yes,Yes,No,Yes,No,Yes,,Yes,I'm not familiar with CAF,We used the Mozilla one that was decommissioned late last year,
55,2017-02-28 15:08:59,13,en,2017-02-28 14:56:46,2017-02-28 15:08:59,Canada,,Yes,Masters Degree,Other,Biochemistry/Bioinformatics,,5 (about half my time),3,3,3,2,1 (never),15,Yes,4,3-5,50%,No,Yes,No,Yes,No,No formal methodology,,No,0,University,,Senior data analyst,Other,High throughput biological data analysis,Full-time,,Yes,,,,Yes,Yes,No,No,Yes,Yes,GLBIO,5 (Always),"Github
(sourceforge when it was still around but have migrated everything to github now)",1 (Never),"adaptability
good communication and organizational skills
strong statistics skills",,"cytoscape
eclipse
R studio",Mac OS,,Mac OS,,"Java
R
perl
bash (shell scripting)",No,No,No,No,No,Yes,No,,No,,No,,No,Yes,Yes,Yes,No,Yes,No,Yes,,Yes,No,No,No,No,No,No,No,,Yes,No,,
57,2017-02-28 15:42:50,13,en,2017-02-28 15:02:06,2017-02-28 15:42:50,Canada,,Yes,Bachelors Degree,Geoghraphical information,,,5 (about half my time),1 (never),9,2,5 (about half my time),2,21,Yes,1,3-5,75%,No,No,Yes,Yes,Yes,Scrum,,Yes,,University,,Web Services specialist,Oceanography,,Contract,,Yes,,,,Yes,Prefer not to answer,Prefer not to answer,Prefer not to answer,Prefer not to answer,Yes,In previous position at ESRI User's Conference & Developer's Summit and at company user's conference.,Prefer not to answer,,1 (Never),"Communication
Knowledge of platform and data interoperability
Persistance","Improve my knowledge of the research our organization's scientists are involved in
Improve my knowledge of Agile development best practices
Improve my knowledge of IoT connectivity models","Python
SQL
JavaScript",Windows,,GNU/Linux,,"Python
SQL
JavaScript
MatLab",Yes,Yes,No,No,No,No,No,,Yes,External System,Yes,Prefer not to answer,No,Yes,Yes,Yes,No,No,Yes,No,,No,Yes,No,No,No,No,No,No,,Yes,I'm not familiar with CAF,,
58,,7,en,2017-02-28 15:06:05,2017-02-28 15:11:54,Canada,,Yes,Doctorate,Other,Systems Biology,NA,4,5 (about half my time),5 (about half my time),5 (about half my time),4,1 (never),8,No,5,2,0%,No,Yes,No,Yes,No,No formal methodology,,No,0,University,,Postdoc,Other,Systems Biology,Full-time,,Yes,,,,,,,,,,,,,,,,,,,,,,N/A,N/A,N/A,N/A,N/A,N/A,N/A,,,,,,,,N/A,N/A,N/A,N/A,N/A,N/A,,N/A,N/A,N/A,N/A,N/A,N/A,N/A,N/A,,,,,
59,2017-02-28 15:58:11,13,en,2017-02-28 15:17:56,2017-02-28 15:58:11,Canada,,Yes,Doctorate,Physical chemistry,,,3,6,10 (all my time),1 (never),5 (about half my time),2,10,No,6,3-5,75%,No,Yes,No,No,No,No formal methodology,,Yes,1,University,,Associate Professor,Physical chemistry,,Full-time,,No,No,Yes,Yes,Yes,Yes,Yes,No,Yes,Yes,"A presentation I gave explicitly about a software development project I lead was presented at the High Performance Computing Symposium (HPCS) in Halifax NS, 2014.  I also present aspects of the algorithms that I (and my team) develop and integrate into software products at all of the conferences I attend, including recently the Canadian Chemistry Conference and Exhibition and Pacifichem.",5 (Always),bitbucket,2,"1. Problem-solving (obviously)
2. Ability to interact with both administrators (PIs) and end users
3. Broad knowledge base of existing solutions for leveraging","I would like to:
1. Expand my knowledge of languages.
2. Expand my knowledge of established development protocols (i.e. scrum, waterfall, etc.)
3. Expand my knowledge of dealing with large datasets (memory handling, code optimization, parallel computing, etc.)","Visual code editor
Concurrent versioning system",Mac OS,,Mac OS,,"Python
Java
PHP
Fortran
C",Yes,No,No,No,No,No,No,,Yes,Software,Yes,Yes,No,Yes,Yes,Yes,Yes,Yes,Yes,No,,Yes,No,Yes,No,No,Yes,No,No,,Yes,I'm not familiar with CAF,,
60,2017-02-28 15:52:37,13,en,2017-02-28 15:19:43,2017-02-28 15:52:37,Canada,,Yes,Doctorate,Other,Biophysics,"Engineer Physicist; SpringSource Certified Engineer (software), Ph.D. in Physics and Math.",10 (all my time),Prefer not to answer,2,8,1 (never),2,25,Prefer not to answer,4,Prefer not to answer,0%,No,Yes,No,Yes,No,No formal methodology,,No,,University,,Senior Research Associate (Software Engineer),Other,Bioinformatics and Computational Biology,Full-time,,Yes,,,,Yes,Yes,No,Yes,Prefer not to answer,Yes,"COMBINE and HARMONY workshops (BioPAX related), ISMB...",5 (Always),"Github, Sourceforge, Google Code (obsolete), Bitbucket, OSSRH, Central Maven",Prefer not to answer,"fundamental interdisciplinary scientific background, Java and Javascript programming","supercomputing, no-sql, AI...","VIM, JetBrains IDEA, Google Chrome",GNU/Linux,,GNU/Linux,,"Java, Javascript, shell (bash)",No,No,No,Yes,Yes,No,Yes,,Yes,Software,Yes,Prefer not to answer,No,Prefer not to answer,N/A,N/A,N/A,N/A,N/A,N/A,,Yes,No,No,No,No,No,No,Yes,NIH,Yes,I'm not familiar with CAF,Google,
61,2017-02-28 15:31:25,13,en,2017-02-28 15:22:56,2017-02-28 15:31:25,Canada,,Yes,Bachelors Degree,Information technology,,,8,1 (never),8,2,2,2,34,Yes,2,3-5,75%,No,Yes,No,Yes,Yes,Scrum,,No,0,University,,Senior Software Developer,Information technology,,Full-time,,Yes,,,,Yes,No,No,No,No,Yes,CANHEIT,4,,1 (Never),"- business / requirements analysis
- communication
- writing easy to read code",,"- github
- ansible
- jira",Mac OS,,GNU/Linux,,"- java
- python
- javascript",Yes,No,No,No,No,No,No,,Yes,Software,Yes,Yes,No,Yes,Yes,Yes,No,No,Yes,No,,Yes,No,Yes,No,No,No,No,No,,Yes,Yes,,
62,,7,en,2017-02-28 15:33:46,2017-02-28 15:37:50,Canada,,No,Masters Degree,Biomedical engineering,,,1 (never),10 (all my time),1 (never),1 (never),10 (all my time),1 (never),8,Yes,,Just me,25%,No,No,Yes,No,Yes,Waterfall,,No,,University,,,Information technology,,Full-time,,Yes,,,,,,,,,,,,,,,,,,,,,,N/A,N/A,N/A,N/A,N/A,N/A,N/A,,,,,,,,N/A,N/A,N/A,N/A,N/A,N/A,,N/A,N/A,N/A,N/A,N/A,N/A,N/A,N/A,,,,,
68,2017-02-28 16:48:36,13,en,2017-02-28 16:36:48,2017-02-28 16:48:36,Other,uk,Yes,Bachelors Degree,Information technology,,,8,7,6,5 (about half my time),6,5 (about half my time),8,Yes,5,6-9,75%,No,Yes,No,Yes,Yes,No formal methodology,,Yes,2,Private sector,,IT EXPERT,Information technology,,Full-time,,Yes,,,,No,No,No,No,Prefer not to answer,Prefer not to answer,,3,,4,knowing Algorithms and Data Structures and be discipline,n/a,"google cloud
jar test 
programmes language C",Windows,,Windows,,"C
JAVA
BETA",No,No,No,Yes,No,Yes,No,,No,,Yes,Yes,Yes,Yes,Yes,No,Yes,No,Yes,No,,Yes,No,No,No,No,No,Yes,No,,Yes,No,,
71,,3,en,2017-02-28 16:39:29,2017-02-28 16:41:20,Canada,,Yes,Doctorate,Information technology,,,,,,,,,,,,,,N/A,N/A,N/A,N/A,,,,,,,,,,,,,,,,,,,,,,,,,,,,,,,,,,,N/A,N/A,N/A,N/A,N/A,N/A,N/A,,,,,,,,N/A,N/A,N/A,N/A,N/A,N/A,,N/A,N/A,N/A,N/A,N/A,N/A,N/A,N/A,,,,,
94,2017-02-28 17:26:40,13,en,2017-02-28 17:09:27,2017-02-28 17:26:40,Canada,,Yes,Masters Degree,Other,Master in Software Systems,"M.Sc, B.Tech",5 (about half my time),7,6,5 (about half my time),5 (about half my time),5 (about half my time),5,Yes,5,2,75%,No,Yes,No,Yes,Yes,Waterfall,,No,,Other,Research Institute,Programmers Team Lead,Health Sciences,,Full-time,,Yes,,,,Yes,Yes,Yes,No,Yes,Yes,"REDCap (Research Electronic Data Capture) International  conference in 2016  -  North Carolina, USA",5 (Always),The code is published to community site of REDCap consortium for other sites to use .,5 (Always),"Teaching yourself
Documentation & using best practices on code structure.
Time management is very important to the success of the project.",,"Jira
Jira stash
Git hub",Windows,,Windows,,"PHP, ASP.net , HTML, JS, JQuery, JS node",No,No,No,No,Yes,No,No,,Yes,Software,No,,No,Yes,Yes,Yes,Yes,No,Yes,Yes,,No,No,No,Yes,No,No,No,No,Institute funds,Yes,No,Insitute websites / Intranet website,
95,2017-02-28 17:15:06,13,en,2017-02-28 17:09:27,2017-02-28 17:15:06,Canada,,Yes,Masters Degree,Genetics,,,9,1 (never),9,9,1 (never),1 (never),2,Yes,2,Just me,Prefer not to answer,No,Yes,No,Yes,Yes,No formal methodology,,No,0,Government department,,Programmer Analyst,Genetics,,Full-time,,Yes,,,,No,Prefer not to answer,Prefer not to answer,Prefer not to answer,Prefer not to answer,Prefer not to answer,,Prefer not to answer,,1 (Never),Communication Skills; Project Management Skills; Knowledge in the field,,Git; Visual Studio Code. Database Management Tools,Mac OS,,GNU/Linux,,PHP; R; JavaScript;,No,No,No,No,Yes,No,No,,Yes,Software,No,,No,Yes,Yes,Yes,No,Yes,No,Yes,,Yes,No,No,No,No,No,No,No,,No,I'm not familiar with CAF,,
109,2017-02-28 17:31:17,13,en,2017-02-28 17:26:02,2017-02-28 17:31:17,Canada,,Yes,Masters Degree,Other,computer,,5 (about half my time),2,1 (never),1 (never),2,2,3,Yes,2,2,75%,No,Yes,No,No,Yes,Waterfall,,No,0,University,,web developer,Geophysics,,Full-time,,Yes,,,,No,No,No,No,No,No,,2,,1 (Never),,,,GNU/Linux,,GNU/Linux,,,No,No,No,No,No,Yes,No,,No,,No,,No,No,N/A,N/A,N/A,N/A,N/A,N/A,,Yes,No,No,No,No,No,No,No,,No,No,,
112,,3,en,2017-02-28 17:28:36,2017-02-28 17:30:44,Canada,,Yes,Bachelors Degree,Biomedical engineering,,,,,,,,,,,,,,N/A,N/A,N/A,N/A,,,,,,,,,,,,,,,,,,,,,,,,,,,,,,,,,,,N/A,N/A,N/A,N/A,N/A,N/A,N/A,,,,,,,,N/A,N/A,N/A,N/A,N/A,N/A,,N/A,N/A,N/A,N/A,N/A,N/A,N/A,N/A,,,,,
113,2017-02-28 17:48:58,13,en,2017-02-28 17:38:41,2017-02-28 17:48:58,Canada,,Yes,Masters Degree,Information technology,,,8,3,5 (about half my time),5 (about half my time),2,2,20,Yes,3,3-5,0%,No,Yes,No,Yes,Yes,Scrum,,No,,Government department,,,Astronomy and astrophysics,,Full-time,,Yes,,,,Yes,Yes,No,Yes,Yes,Yes,,5 (Always),,1 (Never),Curiosity,,"IDE, git, shell",Mac OS,,Mac OS,,,Yes,No,No,Yes,Yes,Yes,No,,Yes,Software,Yes,Yes,No,Yes,Yes,Yes,No,Yes,No,No,,Yes,No,Yes,No,No,No,No,No,,Yes,No,,"He's real, I checked it"
116,2017-02-28 18:07:52,13,en,2017-02-28 17:52:10,2017-02-28 18:07:52,Canada,,Yes,Bachelors Degree,Other,Computer Science,PMP,9,1 (never),5 (about half my time),5 (about half my time),2,3,15,Yes,2,3-5,0%,No,Yes,No,Yes,No,Scrum,,Yes,1,Government department,,Software Developer,Astronomy and astrophysics,,Other,"Full time, but term (3 yr)",Yes,,,,Yes,No,No,No,Prefer not to answer,Yes,"It was years ago, as a student working for a professor who was working on a model to statistically sample coal composition.  (to predict usage based on that composition). He took me & the software to a conference to show it off. Since then, no.",5 (Always),GitHub.,Prefer not to answer,"1) Communication skills
2) Rapid prototyping
3) Ability to converge on a solution","1) I'd like to know a broader range of open-source tools
2) Machine Learning understanding
3) User interview techniques (as a way to converge on a solution faster!)","Selenium (for automated test)
Docker 
Travis (Jenkins in past)",Other,both Mac OS and Linux,GNU/Linux,,"Java, Javascript, Python",Yes,Yes,No,No,No,Yes,No,not sure of mobile support currently...,Yes,Software,Yes,Prefer not to answer,No,Yes,Yes,Yes,Yes,Yes,Yes,Yes,,Yes,Yes,No,No,No,No,No,No,,Yes,No,,
120,2017-02-28 18:09:39,13,en,2017-02-28 17:59:31,2017-02-28 18:09:39,Canada,,Yes,Some University,Physics,,,7,6,5 (about half my time),6,4,3,10,Yes,13,6-9,75%,No,Yes,Yes,Yes,Yes,No formal methodology,,Yes,,University,,,Physics,,Full-time,,No,Yes,,,No,Yes,No,No,Yes,No,,2,,3,"Quick learner ,  got Background in Programming  , Analyze User Needs.",dont know,"programming tools like coding
performance testing tool
programmes languages",Windows,,Android,,"C , JAVASCRIPT , B",No,Yes,No,No,No,Yes,Yes,,Yes,Software,Yes,Yes,No,No,N/A,N/A,N/A,N/A,N/A,N/A,,No,No,No,No,No,No,No,Yes,,Yes,No,,
121,2017-02-28 18:32:42,13,en,2017-02-28 18:22:43,2017-02-28 18:32:42,Canada,,Yes,Masters Degree,Electrical and electronic engineering,,,5 (about half my time),2,5 (about half my time),2,3,3,18,Yes,4,6-9,25%,No,Yes,Yes,Yes,Yes,Kanban,,Yes,6,Non-profit,,Senior advisor,Earth science,,Full-time,,Yes,,,,Yes,No,No,Yes,No,Yes,"CANARIE Workshop
ESGF Conference
AGU
CRV
Geomatique 2016
HPCS 2015",4,"Ouranos_Inc
CRIM_ca
Birdhouse
Spark",1 (Never),"Communication
Patience
Open mind","Better presentation material
Better demonstrations
Better logs and monitors","Visual Studio 2015
PyCharm
Matlab",Windows,,GNU/Linux,,"C++
Python
Matlab
JavaScript
C
Java
Scala",Yes,No,Yes,Yes,Yes,Yes,Yes,,Yes,Software,Yes,Yes,No,Yes,Yes,Yes,Yes,No,Yes,No,,Yes,Yes,No,No,No,Yes,No,No,OGC,Yes,No,"OpenID
Google
Microsoft",
122,2017-02-28 18:33:06,13,en,2017-02-28 18:23:53,2017-02-28 18:33:06,Canada,,Yes,Doctorate,Artificial intelligence,,,7,10 (all my time),9,3,8,2,12,Prefer not to answer,2,2,75%,No,Yes,No,No,Yes,No formal methodology,,No,,University,,Research Data Scientist,Artificial intelligence,,Full-time,,Prefer not to answer,,,,Yes,Yes,Yes,Yes,Yes,Yes,"IEEE ICCI*CC 2016
SAM, WorldComp 2016",Prefer not to answer,,5 (Always),"Open source coding
Linux expertise
Handling uncertain research areas","Legal knowledge
Patent filing knowledge
Hadoop","Cygwin
C programming
Matlab",Other,Linux over Windows,Prefer not to answer,,"C
Matlab
Python",No,No,No,No,Yes,Yes,No,,No,,No,,No,Yes,Yes,Yes,Yes,Yes,Yes,Yes,,No,No,No,No,No,Yes,No,No,Mitacs,No,No,,
131,2017-02-28 18:47:56,13,en,2017-02-28 18:43:04,2017-02-28 18:47:56,Canada,,Yes,Bachelors Degree,Information technology,,,7,5 (about half my time),5 (about half my time),6,7,5 (about half my time),11,Yes,10,10+,50%,No,Yes,No,Yes,No,Kanban,,No,,Non-profit,,Programmer,Information technology,,Full-time,,Yes,,,,No,No,Prefer not to answer,Prefer not to answer,Prefer not to answer,Prefer not to answer,,4,,3,,,,Mac OS,,Mac OS,,,No,No,No,Yes,No,Yes,No,,Yes,Software,Yes,No,No,No,N/A,N/A,N/A,N/A,N/A,N/A,,Yes,No,No,No,No,No,No,No,,No,No,,
174,2017-02-28 19:19:12,13,en,2017-02-28 19:01:30,2017-02-28 19:19:12,Canada,,Yes,Doctorate,Information technology,,,2,5 (about half my time),2,2,3,5 (about half my time),30,No,3,Just me,0%,No,Yes,No,No,No,No formal methodology,,Yes,0,University,,Professor,Information technology,,Full-time,,No,No,Yes,No,Yes,Yes,Yes,Yes,Yes,No,,3,"Github
Project web site",1 (Never),"1. Must  be able to communicate - understand what the problem is that the software is to solve
2. Needs to be proficient in several different programming languages/tools to be able to adopt the appropriate development environment
3. Needs to understand the computational environment - operating system, sequential vs parallel, cpu vs gpu, etc.",1. Additional technical expertise and proficiency,"1. Java
2. Python
3. Eclipse",Windows,,Windows,,"1. Java
2. Python
3. C",Yes,Yes,No,No,Yes,Yes,No,,No,,No,,No,No,N/A,N/A,N/A,N/A,N/A,N/A,,No,Yes,No,No,No,Yes,No,No,,Yes,No,,
180,2017-02-28 19:16:29,13,en,2017-02-28 19:03:00,2017-02-28 19:16:29,Canada,,Yes,Bachelors Degree,Information technology,,,5 (about half my time),5 (about half my time),5 (about half my time),7,8,5 (about half my time),10,Yes,2,6-9,100%,No,No,Yes,Yes,Yes,Scrum,,Yes,2,Private sector,,Project Director,Information technology,,Full-time,,Yes,,,,No,No,No,No,No,No,,1 (Never),,4,Understanding of multiple platforms. Ability to teach others Ablility to clearly explain,"Manage time better, Manage workers better Be a louder speaker","ezscrum, ajax anwhere",Windows,,Windows,,Java Python Html,No,No,No,Yes,No,No,No,,Yes,External System,No,,No,Yes,Yes,No,No,Yes,Yes,No,,Yes,No,No,No,No,No,No,No,,No,No,,
211,2017-02-28 19:20:01,13,en,2017-02-28 19:10:54,2017-02-28 19:20:01,Canada,,No,Bachelors Degree,Other,Sport Management,,1 (never),3,1 (never),1 (never),9,4,,No,3,3-5,50%,No,Yes,No,Yes,Yes,No formal methodology,,Yes,0,College,,Research Project Manager,Other,Precision Agriculture,Full-time,,Yes,,,,Yes,Prefer not to answer,No,Prefer not to answer,Prefer not to answer,Yes,,Prefer not to answer,GitHub,Prefer not to answer,"Flexibility
Communication
Willingness to listen","Programming
GUI
Database development","Outlook
Slack
Word/Excel",Windows,,Windows,,"ASP.Net
C#
PHP",No,No,No,Yes,No,No,No,,Prefer not to answer,,Prefer not to answer,,No,Yes,Yes,No,Yes,Yes,No,No,Funding,No,No,No,No,No,Yes,No,No,"Ontario Centres of Excellence, individual company partners",Yes,I'm not familiar with CAF,,
249,2017-02-28 19:47:37,13,en,2017-02-28 19:21:33,2017-02-28 19:47:37,Canada,,Yes,Doctorate,Agricultural engineering,,"P.Ag., (also hold a postgraduate diploma in Engineering Computation)",7,2,5 (about half my time),5 (about half my time),1 (never),1 (never),12,Prefer not to answer,2,3-5,25%,No,Yes,No,No,Yes,Waterfall,,No,0,College,,Research Programmer Associate,Other,"Agricultural land form analysis, yield analytics",Part-time,,No,No,Yes,Yes,No,No,No,No,No,No,,1 (Never),,1 (Never),"1. computer science subjects
2. subject related (i.e., area being targeted by the project; eg. agriculture, medicine, mechatronics, etc.)
3. programming language(s)","parallel processing
project management
job search","Microsoft Visual Developer Studio
Notepad++
Microsoft command line",Other,"GNU/Linux for availability of scientific libraries, and Microsoft for the IDE",Other,"Windows for Desktop, and Linux for web applications","C/C++
PHP
C#
Javascript
Java
Matlab/Octave",No,Yes,No,No,No,Yes,No,,No,,No,,No,Yes,Yes,Yes,Yes,No,No,Yes,,Yes,No,No,No,No,No,No,Yes,,No,I'm not familiar with CAF,,
266,2017-02-28 19:48:53,13,en,2017-02-28 19:40:04,2017-02-28 19:48:53,Canada,,Yes,College Diploma,Information technology,,,10 (all my time),8,8,4,5 (about half my time),2,2,Yes,3,3-5,50%,No,Yes,No,Yes,Yes,No formal methodology,,No,0,College,,Research Associate,Agricultural engineering,,Contract,,Yes,,,,Yes,No,No,No,No,Prefer not to answer,,2,GitHub,1 (Never),"Problem solving
Ability to translate pseudocode to code
Analyzing new features","Debugging skills
Communication
Documentation","Visual Studio Code / IDE
SQL server management studio
Xen server",Windows,,Windows,,"C#
HTML
JavaScript
C++
PHP
Java",No,No,No,No,Yes,No,No,,Yes,Software,No,,No,Prefer not to answer,N/A,N/A,N/A,N/A,N/A,N/A,,Yes,No,No,No,No,No,No,No,,Yes,I'm not familiar with CAF,"Facebook
Google",
267,,3,en,2017-02-28 19:44:47,2017-02-28 19:49:46,Canada,,No,College Diploma,Structural engineering,,,1 (never),1 (never),,1 (never),,,,,,Just me,,No,No,Yes,No,,No formal methodology,,,,,,,,,,,,,,,,,,,,,,,,,,,,,,,,,N/A,N/A,N/A,N/A,N/A,N/A,N/A,,,,,,,,N/A,N/A,N/A,N/A,N/A,N/A,,N/A,N/A,N/A,N/A,N/A,N/A,N/A,N/A,,,,,
268,2017-02-28 19:56:01,13,en,2017-02-28 19:48:54,2017-02-28 19:56:01,Canada,,Yes,Bachelors Degree,Applied mathematics,,CAPM,2,4,3,4,1 (never),3,15,No,2,Just me,50%,No,Yes,No,Yes,No,No formal methodology,,No,0,University,,DBA,Other,Administration,Full-time,,Yes,,,,No,No,No,No,No,No,,2,,1 (Never),,,,GNU/Linux,,GNU/Linux,,"C
Bash
Php
Asp.net
Python",No,No,No,No,Yes,Yes,No,,No,,No,,No,Yes,Yes,Yes,No,No,Yes,Yes,,Yes,No,No,No,No,No,No,No,,No,No,,
286,2017-02-28 22:05:23,13,en,2017-02-28 21:58:20,2017-02-28 22:05:23,Canada,,Yes,Bachelors Degree,Information technology,,,7,6,5 (about half my time),4,3,2,6,Yes,5,6-9,100%,No,Yes,Yes,Yes,Yes,Waterfall,,Yes,3,Private sector,,manager,Information technology,,Full-time,,Yes,,,,No,No,No,No,No,No,,2,,2,,,,Windows,,Windows,,,No,No,No,No,Yes,No,No,,Yes,Software,No,,No,Yes,No,Yes,Yes,No,No,No,,Yes,No,No,No,No,No,No,No,,Yes,No,Facebook,
294,2017-03-01 01:28:56,13,en,2017-03-01 01:14:16,2017-03-01 01:28:56,Canada,,Yes,Doctorate,Other,Computer Engineering/Science,,4,10 (all my time),5 (about half my time),1 (never),5 (about half my time),Prefer not to answer,20,Yes,5,2,75%,No,Yes,No,No,No,No formal methodology,,Yes,0,University,,Associate Professor,Information technology,,Full-time,,No,No,No,,Yes,Yes,Yes,Yes,Yes,Yes,"ICDCS, IPCCC, MASCOTS, IWQoS, LCN, ACM Multimedia",Prefer not to answer,,Prefer not to answer,One most important skill is research skill.  The developer must understand the nature of research and how it is different from industry project.,,"cloud, SDN, spark, video codec standards",Mac OS,,GNU/Linux,,"Java, C/C++, Python, JavaScript, Perl",No,Yes,No,Yes,Yes,Yes,No,,No,,No,,No,Yes,Yes,No,Yes,No,Yes,No,,No,No,No,No,No,Yes,No,No,,No,I'm not familiar with CAF,"Facebook, Amazon AWS",
295,2017-03-01 03:46:25,13,en,2017-03-01 03:38:36,2017-03-01 03:46:25,Canada,,Yes,Doctorate,Theoretical physics and chemistry,,,3,9,4,4,6,8,30,No,5,6-9,100%,No,Yes,No,Yes,No,No formal methodology,,No,0,University,,professor,Theoretical physics and chemistry,,Full-time,,Yes,,,,Yes,Yes,Yes,Yes,No,No,,4,,1 (Never),"intelligence
patience",python,fortran,GNU/Linux,,GNU/Linux,,fortran,Yes,No,No,No,Yes,No,No,,No,,No,,No,Yes,No,No,Yes,Yes,No,No,,No,No,No,No,No,Yes,No,No,,Yes,No,google,
299,2017-03-01 06:41:16,13,en,2017-03-01 06:35:46,2017-03-01 06:41:16,Canada,,Yes,College Diploma,Information technology,,,10 (all my time),4,10 (all my time),5 (about half my time),1 (never),1 (never),3,Yes,4,Just me,0%,No,Yes,No,Yes,Yes,No formal methodology,,No,0,College,,Research Associate,Information technology,,Full-time,,Prefer not to answer,,,,Yes,No,No,No,No,Yes,Farms.com Conference,5 (Always),,1 (Never),,,,Windows,,Windows,,,No,No,No,No,No,No,No,,Yes,Software,Yes,Prefer not to answer,No,No,N/A,N/A,N/A,N/A,N/A,N/A,,No,No,No,No,No,No,No,No,,Yes,I'm not familiar with CAF,,
304,2017-03-01 11:19:14,13,en,2017-03-01 10:48:42,2017-03-01 11:19:14,Canada,,Yes,Doctorate,Evolution and ecology,,,3,3,5 (about half my time),3,3,2,3,No,2,3-5,50%,No,Yes,No,Yes,Yes,Waterfall,,No,0,Private sector,,CEO,Other,bioacoustics,Full-time,,Yes,,,,Yes,Yes,No,Yes,Yes,Yes,"North American Symposium on Bat Research, Ecological Society of America, Association des Biologistes du Québec (workshop)",5 (Always),GitHub and Bitbucket,3,"Organized, perfectionist, perseverance, hardworking. Knowing at least two programming languages ​​and having an excellent knowledge of tools and third-party software that enhance programming, code revision and teamwork","Start working with Python, develop my expertise in deep learning and signal processing","R Devtools and Rmarkdown packages
Github",GNU/Linux,,Windows,,"R language mainly, C++",No,Yes,No,No,Yes,Yes,No,,No,,Yes,No,No,Yes,Yes,Yes,Yes,Yes,Yes,No,,Yes,No,No,No,No,No,No,No,Environmental and Climatic Change Canada,Yes,No,"Google, LinkedIn, Research Gate",
305,2017-03-01 13:04:48,13,en,2017-03-01 12:20:30,2017-03-01 13:04:48,Canada,,Yes,Doctorate,Fluid mechanics,,,5 (about half my time),5 (about half my time),5 (about half my time),5 (about half my time),5 (about half my time),5 (about half my time),4,Yes,2,6-9,75%,No,Yes,No,No,Yes,Prefer not to answer,,No,1,University,,Graduate student,Fluid mechanics,,Full-time,,Yes,,,,Yes,Yes,Yes,Yes,Yes,Yes,CarPEFC,5 (Always),OpenFCST,3,"Programming skill, understanding the algorithms and efficiency of the code.","Programming skill, understanding the algorithms and efficiency of the code.","C++, Matlab and Python.",GNU/Linux,,GNU/Linux,,"C++, Matlab and Python.",No,No,No,No,No,Yes,No,,Yes,Software,No,,No,Yes,Yes,Yes,Yes,Yes,No,Yes,,Yes,No,No,No,No,Yes,No,No,,Yes,No,AFCC.,
306,2017-03-01 13:18:21,13,en,2017-03-01 12:27:10,2017-03-01 13:18:21,Canada,,Yes,Masters Degree,Applied mathematics,,,7,10 (all my time),8,2,2,3,4,Yes,1,3-5,75%,No,Yes,No,Yes,Yes,Other,test-driven development,No,0,University,,Research Assistant / Graduate Student (Ph.D.),Fuel and energy technology,,Grad student,,No,No,Yes,Yes,Yes,Yes,Yes,Yes,Yes,Yes,"1. A. Kosakian, M. Secanell, D. Novitski, and S. Holdcroft, “Numerical estimation of oxygen transport properties in thin polymer membranes.” Proceedings of the Canadian Society for Mechanical Engineering International Congress, Kelowna, BC, Canada, June 26-29, 2016
2. A. Kosakian, M. Secanell, D. Novitski, and S. Holdcroft, “A numerical algorithm for estimation of oxygen transport properties in thin polymer membranes.”  5th Annual CaRPE-FC Technical Review Meeting, Vancouver, BC, Canada, May 2-3, 2016 (talk and poster)",5 (Always),"https://github.com/OpenFCST/OpenFCSTv03

Other (closed): Bitbucket - contains most of my work (development version of OpenFCST, to be released in late 2017)",Prefer not to answer,"1. Flexibility: ability to learn and work with different software and programming languages
2. Knowledge of principles of (scientific) programming and algorithmic thinking
3. Ability to test and document their own code","1. More languages/standards: C++11, Python
2. Better C++ skills
3. Better algorithmic thinking, faster coding with same (high) quality","1. git, Bitbucket
2. JIRA
3. Linux",GNU/Linux,,GNU/Linux,,"C++, MATLAB, Python",No,No,No,No,Yes,Yes,No,,Yes,External System,Prefer not to answer,,No,Yes,Yes,Yes,Yes,Yes,No,No,,Yes,No,No,No,No,Yes,No,No,,Yes,I'm not familiar with CAF,Google (all university email accounts and some services),
307,2017-03-01 13:02:04,13,en,2017-03-01 12:48:10,2017-03-01 13:02:04,Canada,,Yes,Doctorate,Other studies in natural sciences and engineering,,,6,7,8,2,2,3,10,No,7,2,0%,No,Yes,No,Yes,No,No formal methodology,,Yes,0,Private sector,,,Other studies in natural sciences and engineering,,Full-time,,Yes,,,,Yes,No,No,No,No,Prefer not to answer,,5 (Always),,4,,,,Windows,,Windows,,"R, C++, C",No,No,No,No,Yes,Yes,No,,Yes,External System,No,,No,Yes,Yes,Yes,Yes,No,Yes,No,,Yes,No,No,No,No,No,No,No,,Yes,I'm not familiar with CAF,,
308,2017-03-01 13:30:20,13,en,2017-03-01 13:19:26,2017-03-01 13:30:20,Canada,,Yes,Some University,Other,Computer Engineering,,10 (all my time),1 (never),7,3,1 (never),1 (never),0,No,2,3-5,25%,No,Yes,No,No,Yes,No formal methodology,,No,0,University,,,Mechanical engineering,,Co-op/intern,,No,No,No,,Yes,Prefer not to answer,No,Prefer not to answer,Prefer not to answer,No,,5 (Always),,1 (Never),"Time-Management
How to research
Organization","Time-Management
How to research
Organization","Atom
BitBucket
Linux",GNU/Linux,,GNU/Linux,,"Python
C++",No,No,No,No,No,Yes,No,,No,,No,,No,Yes,No,No,No,No,Yes,Yes,,No,No,No,No,No,No,No,Yes,,Yes,I'm not familiar with CAF,,
309,2017-03-01 13:34:48,13,en,2017-03-01 13:28:24,2017-03-01 13:34:48,Canada,,Yes,Doctorate,Chemical engineering,,P.Eng.,7,5 (about half my time),4,5 (about half my time),2,4,16,Yes,3,2,50%,Yes,Yes,No,No,No,No formal methodology,,No,0,University,,Assistant Professor,Chemical engineering,,Full-time,,No,No,Yes,Yes,Yes,Yes,No,Yes,Yes,No,,2,GitHub,1 (Never),"1) Logical thinking
2) Good understanding of the topic at hand
3) Good programming skills","1) Philosophy of software development
2) Version control","NetBeans
MatLab",Windows,,Windows,,"JAVA
MatLab
VBA
TI-83+ (and newer equivalents) Basic",No,No,No,No,No,Yes,No,,No,,No,,No,Yes,Yes,Yes,Yes,Yes,No,No,,Yes,No,No,No,No,Yes,No,No,,No,No,None.,
324,,3,en,2017-03-01 15:11:23,2017-03-01 15:12:06,Canada,,No,Doctorate,Health Sciences,,Bscpharm,,,,,,,,,,,,N/A,N/A,N/A,N/A,,,,,,,,,,,,,,,,,,,,,,,,,,,,,,,,,,,N/A,N/A,N/A,N/A,N/A,N/A,N/A,,,,,,,,N/A,N/A,N/A,N/A,N/A,N/A,,N/A,N/A,N/A,N/A,N/A,N/A,N/A,N/A,,,,,
332,,10,fr,2017-03-01 16:01:22,2017-03-01 16:14:43,Canada,,Yes,Masters Degree,Information technology,,scjp4,3,1 (never),10 (all my time),1 (never),7,1 (never),16,Yes,10,10+,0%,No,Yes,No,Yes,Yes,Other,Srumban,Yes,2,Non-profit,,Directeur R-D,Information technology,,Full-time,,Yes,,,,Yes,Yes,No,Yes,Yes,No,,5 (Always),https://github.com/crim-ca/,1 (Never),"- Très bonne capacité d'abstraction d'un problème
- Capacité d'appropriation rapide des nouvelles technologies
- Bonne capacité d'adaption aux meilleurs solutions pour résoudre un problème
-","- Intelligence artificielle
- Meilleure vision architecturale
- Programmation python",,,,,,,N/A,N/A,N/A,N/A,N/A,N/A,N/A,,,,,,,,N/A,N/A,N/A,N/A,N/A,N/A,,N/A,N/A,N/A,N/A,N/A,N/A,N/A,N/A,,,,,
334,2017-03-01 16:43:01,13,fr,2017-03-01 16:23:14,2017-03-01 16:43:01,Canada,,Yes,Masters Degree,Information technology,,"Bacc. Ing., M. Sc. Télécommunications",3,3,8,2,3,1 (never),42,No,5,2,0%,No,Yes,No,No,Yes,Other,À peu près Agile,Yes,2,Non-profit,,Directeur et conseiller sénior,Artificial intelligence,,Full-time,,Yes,,,,Yes,No,No,No,No,No,,4,"GitHub, SourceForge",1 (Never),"Programmation scripts et shells (Python, R, Matlab, bash, etc.),  outils calcul distribué, bonne base en mathémathiques","Tensorflow,  clouds commerciaux,  Torch","Jupyter+Python, shell scripts, Edward",GNU/Linux,,GNU/Linux,,"Python, bash, C++, Perl",No,No,Yes,Yes,Yes,No,No,,Yes,Software,Yes,Yes,No,No,N/A,N/A,N/A,N/A,N/A,N/A,,Yes,Yes,No,No,No,Yes,No,No,,Yes,No,Google,
335,2017-03-01 16:42:51,13,en,2017-03-01 16:27:58,2017-03-01 16:42:51,Canada,,Yes,Bachelors Degree,Chemical engineering,,,5 (about half my time),5 (about half my time),8,3,1 (never),1 (never),5,No,2,3-5,50%,No,Yes,No,No,No,Scrum,,No,,University,,Graduate Student,Fuel and energy technology,,Grad student,,No,No,,,Yes,Yes,Yes,Yes,Yes,Yes,"Gordon Research Seminar (2015), Gordon Research Conference (2015), 228th ECS Meeting (2014)",5 (Always),"https://github.com/OpenFCST/OpenFCSTv03
https://github.com/OpenFCST/OpenFCST_v0.2",Prefer not to answer,"Team work,
Coding ethics,
Knowledge of version control","Learn languages such as JAVA,
Knowledge of different testing platforms,
Advanced Object Oriented Concepts introduced with the new versions of C++","Integrated Development Environment,
Debugger usually Valgrind
Markup syntax",GNU/Linux,,GNU/Linux,,"C++, Python",Yes,Yes,Yes,No,Yes,Yes,No,,No,,No,,No,Yes,Yes,Yes,Yes,No,No,No,,No,No,No,No,No,Yes,No,No,,Yes,I'm not familiar with CAF,,
337,2017-03-01 17:07:09,13,en,2017-03-01 16:52:03,2017-03-01 17:07:09,Canada,,Yes,Masters Degree,Artificial intelligence,,"P. Eng, MA",7,5 (about half my time),5 (about half my time),4,3,3,5,Yes,3,2,50%,No,Yes,No,No,No,No formal methodology,,No,0,Other,University AND non-profit,it's complicated,Robotics,,Other,Grad student AND co-op,No,No,Yes,Yes,Yes,Yes,No,Yes,Yes,Prefer not to answer,,5 (Always),"Github, Bitbucket, Docker Hub",1 (Never),"Multi-platform flexibility
Rapid prototyping abilities
Quick assimilation of big project structures","Better knowledge of modern scripting languages (Python, ...)","Docker
Git
CMake",GNU/Linux,,Prefer not to answer,,"C++, Cuda, GLSL",No,No,No,No,Yes,Yes,No,,Yes,External System,Yes,No,No,Yes,No,Yes,Yes,No,Yes,Yes,,Yes,No,No,No,No,Yes,No,No,,Yes,I'm not familiar with CAF,,
339,2017-03-01 20:55:55,13,en,2017-03-01 20:36:50,2017-03-01 20:55:55,Canada,,Yes,Doctorate,Life sciences research related to human health and disease,,PMP,3,9,9,10 (all my time),8,9,10,Yes,30,10+,75%,No,Yes,Yes,Yes,Yes,Scrum,,Yes,50,Non-profit,,CEO,Biomedical engineering,,Full-time,,Yes,,,,Yes,Yes,Yes,Yes,Yes,Prefer not to answer,,4,"agjkhjk

hjtjhashasejrg
ajgjgg;hesuegugi",5 (Always),Qualification related project results,Improve the technical level of scientific research,Drawing calculation registration,GNU/Linux,,GNU/Linux,,jekarj  l r eklr  ergklgre,Yes,No,No,No,No,No,No,,Yes,Software,Yes,Yes,Yes,Yes,Yes,Yes,No,Yes,Yes,No,,No,No,Yes,Yes,No,Yes,No,No,,Yes,Yes,LinkedIn,
340,2017-03-01 21:27:57,13,en,2017-03-01 21:10:05,2017-03-01 21:27:57,Canada,,Yes,Doctorate,Biomedical engineering,,,2,3,5 (about half my time),5 (about half my time),2,3,15,No,3,3-5,25%,No,Yes,No,No,No,No formal methodology,,Yes,0,University,,Professor,Other,Neuroinformatics,Full-time,,No,No,,,Yes,Yes,No,Yes,Yes,Yes,"Human Brain Mapping
Brainhack
HPCS",5 (Always),"https://github.com/SIMEXP/niak
https://github.com/SIMEXP/psom
https://github.com/SIMEXP/brainsprite.js",2,"domain-specific knowledge (e.g. neuroscience to develop neuroscience-related software)
testing/debuging
writing good documentation","management/growth of an open source project
user testing
scientific visualization libraries (javascript)","Octave
github
circle CI",GNU/Linux,,GNU/Linux,,"Octave
javascript
python",Yes,No,No,No,Yes,Yes,No,,Yes,External System,Yes,Yes,No,Yes,Yes,Yes,No,Yes,No,No,,No,No,Yes,Yes,No,No,No,No,brain canada,No,I'm not familiar with CAF,,
341,2017-03-01 21:24:44,13,en,2017-03-01 21:14:02,2017-03-01 21:24:44,Canada,,Yes,Masters Degree,Information technology,,,5 (about half my time),5 (about half my time),3,3,2,3,10,Yes,8,3-5,75%,No,No,No,Yes,Yes,No formal methodology,,No,,Private sector,,IT Lead Team,Information technology,,Full-time,,Yes,,,,Yes,Yes,No,No,No,No,,2,,1 (Never),"hard working , innovative and a team worker",N/a,,GNU/Linux,,iOS,,,No,No,No,No,No,Yes,No,,No,,Yes,Yes,No,No,N/A,N/A,N/A,N/A,N/A,N/A,,Yes,No,No,No,No,No,No,No,,No,No,twitter and reddit,
346,2017-03-02 09:02:55,13,fr,2017-03-02 08:52:02,2017-03-02 09:02:55,Canada,,Yes,Doctorate,Physics,,,2,3,1 (never),1 (never),9,1 (never),20,No,0,3-5,75%,No,Yes,No,Yes,Yes,Waterfall,,Yes,0,Non-profit,,Directeur scientifique,Information technology,,Full-time,,Yes,,,,Yes,No,No,Yes,No,Yes,Computer Vision & Pattern Recognition,2,,Prefer not to answer,"Rigueur, Bonne pratique, Rédaction",N/A,N/A,Windows,,Windows,,C++,No,No,No,No,No,No,No,,Yes,External System,Yes,Prefer not to answer,No,Prefer not to answer,N/A,N/A,N/A,N/A,N/A,N/A,,Yes,Yes,No,No,No,Yes,No,No,,Yes,I'm not familiar with CAF,,
347,,3,en,2017-03-02 09:13:09,2017-03-02 11:24:47,Canada,,Yes,Bachelors Degree,Information technology,,,8,4,8,3,2,3,2,Yes,1,Just me,100%,No,Yes,No,No,Yes,No formal methodology,,No,0,Non-profit,,Software Developer,Information technology,,Full-time,,No,No,,,No,Prefer not to answer,Prefer not to answer,Prefer not to answer,Prefer not to answer,No,,1 (Never),,1 (Never),,,,,,,,,N/A,N/A,N/A,N/A,N/A,N/A,N/A,,,,,,,,N/A,N/A,N/A,N/A,N/A,N/A,,N/A,N/A,N/A,N/A,N/A,N/A,N/A,N/A,,,,,
348,2017-03-02 09:49:29,13,en,2017-03-02 09:22:54,2017-03-02 09:49:29,Canada,,Yes,Doctorate,Electrical and electronic engineering,,,3,8,6,2,1 (never),2,25,No,1,Just me,Prefer not to answer,No,No,No,Yes,No,Prefer not to answer,,No,0,Non-profit,,Senior Researcher,Artificial intelligence,,Full-time,,No,,,,Yes,Yes,Yes,Yes,No,Yes,,1 (Never),,1 (Never),"Understanding the research objective.

Modularity for future enhancement","Keeping up with the current state-of-the-art.

Better understanding of the open source software tools available for research","1. Kaldi toolkit
2. perl
3. Need to improve my python skills",GNU/Linux,,Other,both windows and linux,"1. Pearl
2. C / C++",No,No,No,No,Yes,No,No,,Prefer not to answer,,No,,No,No,N/A,N/A,N/A,N/A,N/A,N/A,,Yes,No,No,No,No,No,No,No,clients,Prefer not to answer,I'm not familiar with CAF,,
350,2017-03-02 09:53:30,13,en,2017-03-02 09:43:28,2017-03-02 09:53:30,Canada,,Yes,Doctorate,Other,Computer science,,5 (about half my time),5 (about half my time),5 (about half my time),5 (about half my time),2,2,8,No,5,2,25%,No,Yes,No,No,No,No formal methodology,,No,0,University,,High performance computing consultant,Other,Variety of areas,Part-time,,Yes,,,,Yes,Yes,No,Yes,No,Yes,"SC 15, IPDPS, ICS",Prefer not to answer,,2,"Communication, research skills, programming ability","Time management,","GCC, git, MPI",GNU/Linux,,GNU/Linux,,"C++,c, python",Yes,Yes,No,No,Yes,Yes,No,,No,,No,,No,Yes,Yes,No,Yes,Yes,No,Yes,,No,No,No,No,No,Yes,No,No,,No,I'm not familiar with CAF,,
353,,9,en,2017-03-02 09:45:37,2017-03-02 09:50:17,Other,Japan,Yes,Doctorate,Physics,,,3,7,5 (about half my time),5 (about half my time),1 (never),Prefer not to answer,5,No,3,2,50%,Yes,Yes,No,No,No,No formal methodology,,No,0,University,,Research assistant,Physics,,Grad student,,No,Yes,,,Yes,Yes,Yes,No,Yes,Yes,,4,,3,,,,,,,,,N/A,N/A,N/A,N/A,N/A,N/A,N/A,,,,,,,,N/A,N/A,N/A,N/A,N/A,N/A,,N/A,N/A,N/A,N/A,N/A,N/A,N/A,N/A,,,,,
354,2017-03-02 10:15:41,13,en,2017-03-02 10:06:04,2017-03-02 10:15:41,Canada,,Yes,Doctorate,Other,Software Engineering,P.Eng.,2,5 (about half my time),7,3,5 (about half my time),5 (about half my time),20,Yes,1,2,50%,No,Yes,No,Yes,No,No formal methodology,,No,,University,,Professor,Other,Software testing,Full-time,,No,Yes,,,No,Prefer not to answer,Yes,Yes,Yes,No,,Prefer not to answer,,Prefer not to answer,"Versatile
Knowledge of research
Good practices",,"open source components
papers describing such components
online documentation",Prefer not to answer,,Other,,"C/C++, Java",No,No,No,No,No,Yes,No,,No,,No,,No,Prefer not to answer,N/A,N/A,N/A,N/A,N/A,N/A,,No,No,No,No,No,Yes,No,No,,No,I'm not familiar with CAF,,
361,2017-03-02 12:34:33,13,en,2017-03-02 12:26:36,2017-03-02 12:34:33,Other,USA,Yes,Bachelors Degree,Information technology,,PMP,7,5 (about half my time),6,5 (about half my time),6,3,8,Yes,2,3-5,100%,No,No,Yes,No,Yes,Waterfall,,Yes,5,Private sector,,Software Development Manager,Information technology,,Full-time,,Yes,,,,No,Yes,Yes,No,Prefer not to answer,No,,3,,3,,,,Windows,,Windows,,,No,No,No,Yes,Yes,Yes,Yes,,No,,No,,No,Yes,No,Yes,Yes,No,Yes,No,,Yes,No,No,No,No,No,No,No,,No,No,,
362,2017-03-02 12:48:12,13,fr,2017-03-02 12:37:42,2017-03-02 12:48:12,Canada,,Yes,College Diploma,Other,musique,DEC,7,1 (never),10 (all my time),3,2,3,5,Yes,4,3-5,0%,No,Yes,No,Yes,Yes,Kanban,,No,,Other,privé hautement subventionné,programmeur,Other,climatologie,Full-time,,No,,,,No,No,No,No,No,No,,3,github,1 (Never),"curiosité, capacité d'abstraction","patience, rigueur","git, jetbrains ides, stack overflow",GNU/Linux,,GNU/Linux,,javascript,No,No,No,No,Yes,No,No,,Prefer not to answer,,Yes,No,Prefer not to answer,Yes,Yes,No,No,Yes,Yes,Yes,,Yes,Yes,No,No,No,Yes,No,No,,Prefer not to answer,I'm not familiar with CAF,,
364,2017-03-02 12:53:16,13,en,2017-03-02 12:47:05,2017-03-02 12:53:16,Other,USA,Yes,Bachelors Degree,Electrical and electronic engineering,,,6,3,5 (about half my time),6,5 (about half my time),3,10,Yes,,3-5,100%,No,No,Yes,Yes,Yes,Waterfall,,Yes,3,Private sector,,,Information technology,,Full-time,,Yes,,,,No,No,No,No,No,No,,3,,3,,,,Windows,,Windows,,,No,No,No,No,Yes,Yes,Yes,,No,,No,,No,No,N/A,N/A,N/A,N/A,N/A,N/A,,Yes,No,No,No,No,No,No,No,,No,No,,
365,2017-03-02 14:07:06,13,en,2017-03-02 13:17:16,2017-03-02 14:07:06,Canada,,Yes,College Diploma,Other,Mathematics,,2,1 (never),2,2,2,2,41,Yes,5,3-5,75%,No,Yes,No,Yes,Yes,No formal methodology,,Yes,4,University,,,Physics,,Contract,,No,Yes,,,Yes,Yes,No,Yes,Yes,Yes,"OpenStack developers conference (Paris, Portland, Vancouver)",5 (Always),Github,1 (Never),"lateral-thinking, tenacity, good listener, flexibility (I know, that is four).",anything that helps.,"OpenStack, git, Linux utilities",GNU/Linux,,GNU/Linux,,"python, c++, bash, c, perl,",Yes,Yes,No,Yes,No,No,No,Private & Commercial clouds,Yes,Software,No,,No,Prefer not to answer,N/A,N/A,N/A,N/A,N/A,N/A,,No,No,Yes,No,No,No,No,No,,Yes,No,Grid Canada,
366,2017-03-02 13:27:05,13,en,2017-03-02 13:20:28,2017-03-02 13:27:05,Canada,,Yes,Doctorate,Other,Computer & information science,MBA,2,3,6,6,8,2,30,No,5,Just me,50%,No,Yes,No,Yes,No,No formal methodology,,Yes,0,Non-profit,,CTO,Other,Computational Science,Full-time,,Yes,,,,No,Yes,No,No,No,No,,5 (Always),,1 (Never),"Listening
Coding
Testing",DevOps,"emacs
google",GNU/Linux,,GNU/Linux,,"Perl
Python
C/C++",Yes,No,Yes,No,No,No,No,,Yes,External System,Yes,No,No,No,N/A,N/A,N/A,N/A,N/A,N/A,,Yes,No,No,No,No,No,No,No,volunteer,Yes,No,,
367,2017-03-02 14:39:04,13,en,2017-03-02 14:30:46,2017-03-02 14:39:04,Canada,,Yes,Bachelors Degree,Other,Bioinformatics,,5 (about half my time),5 (about half my time),7,5 (about half my time),2,2,5,No,2,2,0%,No,No,No,Yes,No,No formal methodology,,No,,Government department,,Computational Biologist,Genetics,,Full-time,,Yes,,,,No,Prefer not to answer,Prefer not to answer,Prefer not to answer,Prefer not to answer,No,,Prefer not to answer,,Prefer not to answer,"Critical thinking, organizational skills and problem solving","More problem solving, more experience and more time","Eclipse
Mobaexterm
SVN",Windows,,Windows,,"Java
SQL",Yes,No,No,No,No,No,No,,No,,No,,No,Yes,Yes,Yes,No,Yes,Yes,No,,Yes,No,No,No,Yes,No,No,No,,No,I'm not familiar with CAF,Google,
368,2017-03-02 14:38:38,13,en,2017-03-02 14:33:28,2017-03-02 14:38:38,Canada,,Yes,Some University,Other,Bioinformatics,,2,4,7,3,1 (never),4,3,No,2,3-5,0%,Yes,Yes,No,No,No,No formal methodology,,No,0,Non-profit,,Coop student,Other,Bioinformatics,Co-op/intern,,No,,,,Yes,Yes,Yes,Yes,Yes,Yes,,4,"Github, Bitbucket",1 (Never),,,,GNU/Linux,,GNU/Linux,,"Python, C++, Perl",Yes,No,Yes,No,No,No,No,,Yes,Software,No,,No,Yes,N/A,N/A,N/A,N/A,N/A,N/A,,Yes,No,No,No,Yes,Yes,No,No,,Yes,I'm not familiar with CAF,,
369,2017-03-02 14:47:59,13,en,2017-03-02 14:35:30,2017-03-02 14:47:59,Canada,,Yes,Doctorate,Microbiology,,,5 (about half my time),2,8,2,1 (never),3,15,No,4,Just me,100%,No,Yes,No,No,Yes,No formal methodology,,No,0,Non-profit,,computational biologist,Life sciences research related to human health and disease,,Full-time,,Yes,,,,Yes,Yes,No,Yes,Yes,Yes,,1 (Never),bcgsc/mirna,1 (Never),"Ability to google intelligently
Ability to understand the utility of a software package in the context of the research area
Ability to read and modify other's code","Unit testing
Machine learning
Non-sql database skills","google
pycharm
svn",GNU/Linux,,GNU/Linux,,"R
bash
python
perl",No,No,Yes,No,Yes,Yes,No,,No,,No,,No,Yes,N/A,N/A,N/A,N/A,N/A,N/A,,No,No,No,No,No,No,No,No,NCI,Yes,I'm not familiar with CAF,NA,
370,2017-03-02 14:56:00,13,en,2017-03-02 14:36:00,2017-03-02 14:56:00,Canada,,Yes,Bachelors Degree,Genetics,,"ITIL, PMP, LEAN6-Sigma",4,1 (never),5 (about half my time),5 (about half my time),7,2,22,Yes,9,2,25%,Yes,Yes,Yes,Yes,Yes,Other,Depends on the project,No,0,Non-profit,,Project Manager IT/Systems,Genetics,,Full-time,,Yes,,,,No,No,No,No,No,Yes,Don't remember any more,3,GitHub,1 (Never),"Interpersonal Communications
Analysis of a problem
Technical Language Proficiency","Software Security
More C++
R","Sublime Text
MobaXTerm
Git",Windows,,GNU/Linux,,"Python
PHP
Javascript
C",No,No,No,No,Yes,No,No,,Yes,External System,Yes,No,No,Yes,Yes,No,No,Yes,Yes,No,,Yes,No,Yes,No,Yes,No,No,No,Not funded,Yes,No,,
371,2017-03-02 14:45:15,13,en,2017-03-02 14:38:11,2017-03-02 14:45:15,Canada,,Yes,Bachelors Degree,Molecular biology,,,8,5 (about half my time),3,4,1 (never),5 (about half my time),3,Yes,4,2,50%,No,Yes,No,Yes,Yes,No formal methodology,,No,0,Non-profit,,Computational Biologist,Other,Bioinformatics,Full-time,,No,,,,Yes,Yes,Yes,No,Yes,No,,2,,Prefer not to answer,"Problem solving
Communication
Programming",,"Kouchat
Bash
Sun-grid Engine",Windows,,GNU/Linux,,"Bash, python, perl",No,No,Yes,No,No,Yes,No,,No,,No,,No,Prefer not to answer,N/A,N/A,N/A,N/A,N/A,N/A,,No,No,No,No,No,No,No,Yes,,Prefer not to answer,I'm not familiar with CAF,,
372,,3,en,2017-03-02 15:18:44,2017-03-02 15:21:26,Canada,,No,Masters Degree,Other,Emergency Management,,,,,,,,,,,,,N/A,N/A,N/A,N/A,,,,,,,,,,,,,,,,,,,,,,,,,,,,,,,,,,,N/A,N/A,N/A,N/A,N/A,N/A,N/A,,,,,,,,N/A,N/A,N/A,N/A,N/A,N/A,,N/A,N/A,N/A,N/A,N/A,N/A,N/A,N/A,,,,,
374,2017-03-02 15:59:08,13,en,2017-03-02 15:52:45,2017-03-02 15:59:08,Canada,,Yes,Doctorate,Biochemistry,,,9,1 (never),5 (about half my time),5 (about half my time),3,2,5,Yes,5,Just me,0%,Yes,Yes,No,No,No,No formal methodology,,No,0,Charity,,Computational biologist,Health Sciences,,Full-time,,Yes,,,,No,No,No,No,No,No,,5 (Always),Github,1 (Never),"Logic thinking, problem solving, communication",,"Bitbucket, JIRA, github",Mac OS,,GNU/Linux,,"Python, MatLab, R, Perl, Java",No,No,Yes,No,Yes,Yes,No,,Yes,External System,Yes,No,No,Yes,No,Yes,No,Yes,Yes,No,,Yes,No,No,Yes,Yes,No,No,No,,Yes,I'm not familiar with CAF,,
385,2017-03-03 00:06:01,13,en,2017-03-02 23:44:59,2017-03-03 00:06:01,Canada,,Yes,Doctorate,Information technology,,Ph.D.,3,5 (about half my time),6,2,2,1 (never),,No,,Just me,25%,No,Yes,No,No,Prefer not to answer,Kanban,,No,2,Prefer not to answer,,,Physical geography,,Part-time,,No,No,Yes,Prefer not to answer,Yes,No,Yes,Yes,No,Prefer not to answer,,4,github,1 (Never),,,,Prefer not to answer,,iOS,,,No,No,No,No,No,No,Yes,,Yes,External System,No,,Yes,No,N/A,N/A,N/A,N/A,N/A,N/A,,Yes,No,No,No,No,No,No,No,,No,Yes,,
387,2017-03-03 00:34:41,13,en,2017-03-03 00:08:28,2017-03-03 00:34:41,Canada,,Yes,Some University,Mining and mineral processing,,,7,5 (about half my time),2,1 (never),8,8,,Yes,,2,25%,No,No,No,No,Prefer not to answer,No formal methodology,,No,,College,,,Polymer chemistry,,Grad student,,Yes,,,,No,Yes,No,Prefer not to answer,Prefer not to answer,No,,2,,1 (Never),,,,Mac OS,,Mac OS,,,No,No,Yes,No,No,No,No,,No,,No,,No,Yes,Yes,No,No,No,No,No,,No,No,No,No,No,No,No,Yes,,No,I'm not familiar with CAF,,
395,2017-03-03 11:55:20,13,en,2017-03-03 07:58:39,2017-03-03 11:55:20,Canada,,Yes,Doctorate,Artificial intelligence,,,4,6,5 (about half my time),2,3,5 (about half my time),20,No,2,2,50%,No,Yes,No,No,No,No formal methodology,,No,0,University,,,Other,Bioinformatics,Full-time,,No,Yes,,,Yes,Yes,No,Yes,No,Yes,,5 (Always),"GitHub
Home web site",1 (Never),"Problem solving
Coding skills
Trouble-shouting",,"Programmatically accessible public databases (NCBI, Ensemble, etc)
Various bioinformatics tools",Mac OS,,GNU/Linux,,"R / Bioconductor
Python",No,No,No,No,No,Yes,No,,No,,Yes,No,No,Prefer not to answer,N/A,N/A,N/A,N/A,N/A,N/A,,Yes,No,No,No,No,Yes,No,No,,Prefer not to answer,I'm not familiar with CAF,,
397,2017-03-03 10:55:29,13,en,2017-03-03 10:23:46,2017-03-03 10:55:29,Canada,,Yes,Masters Degree,Industrial engineering,,,7,10 (all my time),5 (about half my time),1 (never),1 (never),1 (never),3,No,1,Just me,100%,No,Yes,No,No,No,No formal methodology,,No,0,University,,PhD student,Applied mathematics,,Full-time,,No,No,No,,Yes,Yes,Yes,Yes,Yes,No,,5 (Always),,1 (Never),"- Python
- Hadoop/map reduce
- parrallelism",- parallelism,"- Matlab
- R
- Python",Mac OS,,Windows,,- Matlab,No,No,No,No,No,Yes,No,,No,,No,,No,Yes,No,Yes,Yes,No,Yes,Yes,,Yes,No,No,No,No,No,No,No,,No,No,,
399,2017-03-03 10:40:44,13,en,2017-03-03 10:30:40,2017-03-03 10:40:44,Canada,,Yes,Masters Degree,Nuclear engineering,,,8,2,6,1 (never),7,5 (about half my time),7,No,,3-5,25%,No,Yes,No,No,Yes,No formal methodology,,No,1,Non-profit,,Researcher,Prefer not to answer,,Contract,,Yes,,,,Yes,No,Yes,No,Yes,No,,4,"GitHub , CSV",2,"Business Analysis
Devops",Business Analysis,,Prefer not to answer,,Windows,,,No,No,No,No,Yes,No,No,,No,,No,,Yes,No,N/A,N/A,N/A,N/A,N/A,N/A,,Yes,No,No,No,No,No,No,No,,No,Yes,,
402,,10,fr,2017-03-03 10:45:24,2017-03-03 10:53:39,Canada,,Yes,Doctorate,Fluid mechanics,,,5 (about half my time),3,5 (about half my time),5 (about half my time),1 (never),2,,No,1,Just me,Prefer not to answer,No,Yes,No,Yes,No,No formal methodology,,No,,University,,Associé de recherche,Applied mathematics,,Other,4 jours / 5,No,,,,Yes,No,Prefer not to answer,Yes,Yes,Yes,,5 (Always),"Softpedia, Sourceforge",1 (Never),,,,,,,,,No,No,No,No,No,No,No,,,,,,,,N/A,N/A,N/A,N/A,N/A,N/A,,N/A,N/A,N/A,N/A,N/A,N/A,N/A,N/A,,,,,
404,2017-03-03 11:34:51,13,fr,2017-03-03 11:24:48,2017-03-03 11:34:51,Canada,,Yes,Doctorate,Applied mathematics,,"Ing, MScA, PhD",2,8,3,7,4,4,18,No,2,3-5,75%,No,Yes,No,Yes,No,No formal methodology,,No,0,University,,Professeur agrégé,Applied mathematics,,Full-time,,No,No,Yes,Yes,Yes,Yes,Yes,Yes,Yes,Yes,"Voir ma liste de présentations en bas de cette page:
https://www.gerad.ca/Sebastien.Le.Digabel/Publications/",5 (Always),,1 (Never),"1. Fort niveau en mathématiques.
2. Bon niveau de génie logiciel.
3. Rigueur",,"LaTeX
C++
Emails",Mac OS,,Mac OS,,"C++
Matlab",No,No,No,No,No,No,No,Site web / Sourceforge / Softpedia,No,,Prefer not to answer,,No,Yes,Yes,Yes,Yes,Yes,Yes,No,,No,No,No,No,No,Yes,No,No,Collaborations industrielles,Yes,I'm not familiar with CAF,,
405,2017-03-03 12:21:41,13,en,2017-03-03 11:53:35,2017-03-03 12:21:41,Canada,,Yes,Masters Degree,Applied mathematics,,"B. Sc., M. Sc. A.",5 (about half my time),10 (all my time),9,2,1 (never),1 (never),20,Yes,1,2,100%,No,Yes,No,No,No,No formal methodology,,No,0,University,,Associate Researcher,Applied mathematics,,Full-time,,No,,,,Prefer not to answer,Yes,No,Prefer not to answer,Yes,Prefer not to answer,,5 (Always),,1 (Never),"Good knowledge of at least one mainstream programming language (ex. C++, python, Java).
Good understanding of the theory and algorithms that are implemented by the software (ex. if the software solves some type of problems, understand how the problem is modelized, and what do the algorithms do to solve it).
Organized well enough to be able to support the software users, get their comments and issues, answer users as much as possible, implement changes that are useful to the users/clients, be able to prioritize code changes.","Git/GitHub/Website management. Ex. how to put our work on GitHub and still require users to fill a form when they want to download the software.
Team leadership / Managing a small team.
Efficiency at work - Get things done faster. Time Management.","g++
git
LaTeX",GNU/Linux,,GNU/Linux,,"C++
python
bash",No,No,No,No,No,No,No,,No,,No,,No,Yes,N/A,N/A,N/A,N/A,N/A,N/A,,No,No,No,No,No,No,No,No,InovÉÉ,Yes,No,,
406,2017-03-03 12:14:56,13,en,2017-03-03 11:59:47,2017-03-03 12:14:56,Canada,,No,Doctorate,Health Sciences,,,1 (never),7,3,1 (never),3,2,0,No,1,2,25%,No,No,No,Yes,Yes,No formal methodology,,No,0,University,,Associate Dean for Research,Health Sciences,,Full-time,,Yes,,,,No,Yes,No,Yes,Yes,No,,1 (Never),,1 (Never),Creativity,,Java,Mac OS,,iOS,,,No,Yes,No,No,No,No,No,,Yes,External System,No,,No,No,N/A,N/A,N/A,N/A,N/A,N/A,,No,No,No,No,No,No,No,Yes,,No,No,,
411,2017-03-03 14:44:48,13,en,2017-03-03 14:37:23,2017-03-03 14:44:48,Canada,,Yes,Doctorate,Biomedical engineering,,P.Eng.,2,5 (about half my time),5 (about half my time),3,6,4,15,No,5,3-5,25%,No,Yes,No,No,No,No formal methodology,,Yes,0,University,,Associate Professor,Biomedical engineering,,Full-time,,No,Yes,,,Yes,Yes,No,Yes,Prefer not to answer,Yes,"Canadian High Performance Computing, CASCON, CMBEC",4,"GitHub, SourceForge",1 (Never),"Algorithm design, high performance computing, testing","Leveraging GPGPU, leveraging AWS, web interface programming","IDE (various), MATLAB, MobaXterm",GNU/Linux,,GNU/Linux,,"MATLAB, PHP, PERL, C++, Python, Java",Yes,No,No,Yes,Yes,Yes,Yes,,No,,No,,No,Prefer not to answer,N/A,N/A,N/A,N/A,N/A,N/A,,Yes,No,No,No,No,Yes,No,No,,Yes,No,,
412,2017-03-03 17:14:12,13,en,2017-03-03 17:05:20,2017-03-03 17:14:12,Canada,,Yes,Doctorate,Evolution and ecology,,,9,3,5 (about half my time),5 (about half my time),2,Prefer not to answer,15,Yes,6,2,100%,No,Yes,No,Yes,No,No formal methodology,,Yes,0,Non-profit,,Software Developer,Prefer not to answer,,Contract,,Yes,,,,Yes,Yes,No,Yes,Yes,Yes,"Evolution, iEvoBio",5 (Always),GitHub,5 (Always),"understanding the user experience of researchers
ability to understand, maintain, and refactor others' code
ability to document well","how to manage groups
creating products/projects from the ground up
testing","JetBrains IntelliJ
BBEdit
Git/Github",Mac OS,,GNU/Linux,,"Java, Python, Perl",Yes,Yes,Yes,No,Yes,Yes,No,,Yes,External System,Yes,Yes,No,Yes,Yes,Yes,Yes,Yes,Yes,Yes,,Yes,No,No,No,No,No,No,No,,Yes,I'm not familiar with CAF,,
413,2017-03-03 18:26:21,13,en,2017-03-03 18:17:58,2017-03-03 18:26:21,Canada,,Yes,Masters Degree,Earth science,,,6,4,6,3,4,3,6,No,2,Just me,0%,No,Yes,No,No,No,No formal methodology,,No,0,University,,PhD Candidate,Earth science,,Grad student,,No,Yes,,,Yes,Yes,No,Yes,Yes,No,,1 (Never),,1 (Never),"translate problems / formulas into code
understand complexity of real world and simplify problems for numerical modelling
data management","visualisation
big data analysis
machine learning","matlab
stackoverflow
git",GNU/Linux,,GNU/Linux,,"matlab
python
linux shell",Yes,No,No,No,No,Yes,No,,Yes,External System,No,,No,Yes,Yes,No,Yes,Yes,No,Yes,,Yes,No,No,No,No,No,No,No,,No,No,,
415,2017-03-04 14:00:23,13,en,2017-03-04 13:40:28,2017-03-04 14:00:23,Canada,,Yes,Bachelors Degree,Genetics,,,3,3,8,2,6,4,16,No,2,2,0%,No,Yes,No,No,Yes,No formal methodology,,No,0,Private sector,,Technical Marketing Manager,Industrial engineering,,Full-time,,No,No,,,No,Yes,No,Yes,Yes,No,,4,,1 (Never),"Organizational skills
Communication skills
Algorithmic clarity",Better understanding of certain algorithms,"Knime/R
Eclipse 
Python",Windows,,Other,RTOS (ARM),"C
Python",No,No,No,Yes,No,No,No,ARM microcontrollers,Yes,Software,No,,No,Yes,Yes,Yes,No,Yes,No,No,,Yes,No,No,No,No,No,No,No,,No,No,,
420,2017-03-05 09:20:22,13,en,2017-03-05 09:05:09,2017-03-05 09:20:22,Canada,,Yes,Some University,Space science,,,6,7,4,8,5 (about half my time),5 (about half my time),,No,2,3-5,25%,Yes,No,No,No,No,Prefer not to answer,,No,,University,,,Statistics and probability,,Contract,,No,No,Yes,No,Yes,No,Prefer not to answer,No,No,Yes,,1 (Never),,4,,,,Prefer not to answer,,iOS,,,No,Yes,No,No,No,No,No,,No,,Yes,No,No,Yes,No,Yes,No,No,No,No,,Yes,Yes,No,No,No,No,No,No,,No,Yes,,
421,2017-03-05 10:49:23,13,en,2017-03-05 10:31:23,2017-03-05 10:49:23,Canada,,No,Doctorate,Information technology,,,3,6,9,2,4,4,15,No,4,Prefer not to answer,75%,No,Yes,No,No,Prefer not to answer,Prefer not to answer,,Yes,2,University,,full Professor,Information technology,,Full-time,,Prefer not to answer,,,,Yes,Prefer not to answer,No,Yes,No,Yes,"IEEE CLOUD, ACM ICPE, IEEE ClodCom etc.",3,,Prefer not to answer,Solid technical expertise; Ability to communicate effectively; work in a timely manner,NA,"GitHub, Amazon WS",GNU/Linux,,GNU/Linux,,"Java, C, Python",No,No,No,No,No,No,No,lab computers/cloud,Yes,Prefer not to answer,Prefer not to answer,,No,Prefer not to answer,N/A,N/A,N/A,N/A,N/A,N/A,,No,Yes,No,No,No,Yes,No,No,"OCE, industry",Yes,Prefer not to answer,none of the above,
425,2017-03-05 16:29:16,13,en,2017-03-05 16:07:07,2017-03-05 16:29:16,Canada,,Yes,Doctorate,Physical geography,,,3,4,7,5 (about half my time),6,8,,No,,Just me,25%,Yes,No,No,No,No,No formal methodology,,Yes,,Private sector,,,Fuel and energy technology,,Self-employed,,No,Yes,,,Yes,Yes,Prefer not to answer,No,Yes,Prefer not to answer,,2,,4,,,,Prefer not to answer,,Windows,,,No,No,No,Yes,No,No,No,,No,,No,,Prefer not to answer,Yes,No,No,No,Yes,No,No,,No,Yes,No,No,No,No,No,No,,Yes,No,,
427,2017-03-06 12:09:44,13,en,2017-03-06 12:01:17,2017-03-06 12:09:44,Canada,,Yes,Masters Degree,Information technology,,,3,7,3,5 (about half my time),2,5 (about half my time),10,No,10,Just me,25%,No,Yes,No,No,No,No formal methodology,,No,0,Non-profit,,Process Development Coordinator,Genetics,,Full-time,,Yes,,,,Yes,Yes,Yes,Yes,Yes,Prefer not to answer,,5 (Always),,2,"critical thinking
initiative
speed",,"google
bash
matlab",GNU/Linux,,GNU/Linux,,"bash
matlab
python
perl",No,No,No,No,Yes,No,No,,No,,No,,No,No,N/A,N/A,N/A,N/A,N/A,N/A,,No,No,Yes,Yes,Yes,No,No,No,NCI/NIH,Yes,I'm not familiar with CAF,,
428,2017-03-06 12:24:01,13,en,2017-03-06 12:18:38,2017-03-06 12:24:01,Canada,,Yes,Bachelors Degree,Other,History,ITIL Foundation,5 (about half my time),1 (never),7,3,1 (never),5 (about half my time),15,Yes,3,3-5,0%,No,Yes,No,No,No,Prefer not to answer,,No,0,University,,Systems Administrator,Information technology,,Full-time,,No,,,,Yes,No,No,No,No,Yes,Society for American Archaeology,5 (Always),github,1 (Never),people skills and project management,more time (time travel?),"git
web browser
vi",GNU/Linux,,GNU/Linux,,php python perl r,No,No,No,No,No,Yes,No,,No,,No,,No,No,N/A,N/A,N/A,N/A,N/A,N/A,,No,No,No,No,No,No,No,No,Contract,Yes,No,,
432,2017-03-06 14:47:15,13,en,2017-03-06 14:38:37,2017-03-06 14:47:15,Canada,,Yes,Bachelors Degree,Biochemistry,,,2,10 (all my time),9,2,2,7,4,No,2,3-5,25%,No,Yes,No,No,Yes,Prefer not to answer,,No,,Non-profit,,computational biologist,Genetics,,Full-time,,Yes,,,,No,Yes,No,Yes,No,No,,5 (Always),,Prefer not to answer,,,,GNU/Linux,,GNU/Linux,,,No,No,Yes,No,No,No,No,,Yes,External System,Yes,Prefer not to answer,No,No,N/A,N/A,N/A,N/A,N/A,N/A,,No,No,Yes,Yes,Yes,Yes,No,No,,No,I'm not familiar with CAF,,
434,2017-03-06 15:06:02,13,en,2017-03-06 14:53:14,2017-03-06 15:06:02,Canada,,Yes,Doctorate,Physics,,,3,2,3,2,4,Prefer not to answer,18,Yes,3,Just me,0%,No,Yes,No,No,No,No formal methodology,,No,0,University,,Applicants Analyst,Prefer not to answer,,Full-time,,Yes,,,,Yes,Yes,No,No,No,No,,5 (Always),github,1 (Never),"User-minded
Pragmatic
Diligent","Containers
Project management","emacs
make
git",GNU/Linux,,GNU/Linux,,"C++,  Python, bash, fortran, R, cuda",Yes,No,Yes,No,No,Yes,No,,Yes,Software,No,,No,Yes,Yes,Yes,Yes,Yes,No,No,,Yes,No,No,No,No,No,No,No,,Yes,No,,
436,2017-03-06 16:51:12,13,en,2017-03-06 15:09:52,2017-03-06 16:51:12,Canada,,Yes,Doctorate,Physical chemistry,,,3,8,6,3,1 (never),2,47,No,5,Just me,Prefer not to answer,No,Yes,No,Yes,No,No formal methodology,,No,0,University,,Professor,Animal biology,,Full-time,,No,,,,Yes,Yes,Yes,No,No,Yes,Many - the software is often part of the research project,1 (Never),,1 (Never),,,Microsoft Visual Studio,Windows,,Windows,,C++,No,No,No,No,No,Yes,No,,No,,No,,No,Prefer not to answer,N/A,N/A,N/A,N/A,N/A,N/A,,No,No,No,Yes,No,Yes,No,No,,Yes,No,,
439,2017-03-06 16:41:02,13,en,2017-03-06 16:31:06,2017-03-06 16:41:02,Canada,,Yes,Doctorate,Astronomy and astrophysics,,,2,5 (about half my time),2,2,3,5 (about half my time),18,No,3,Just me,0%,No,Yes,No,No,No,No formal methodology,,No,0,University,,Assistant Professor,Astronomy and astrophysics,,Full-time,,No,No,Yes,No,Yes,Yes,No,Yes,No,No,,2,GitHub,1 (Never),"Communications, flexibility, experience","High Performance Computing, GPU usage, more object-oriented programming experience","Stack Overflow, General internet search, emacs",GNU/Linux,,GNU/Linux,,"Python, IDL, Perl, C, Fortran",No,Yes,No,Yes,Yes,Yes,No,,No,,No,,No,No,N/A,N/A,N/A,N/A,N/A,N/A,,Yes,No,No,No,No,Yes,No,No,,Yes,I'm not familiar with CAF,None,
440,2017-03-06 17:20:36,13,en,2017-03-06 16:42:02,2017-03-06 17:20:36,Canada,,Yes,Bachelors Degree,Other,Other Engineering,EIT,5 (about half my time),2,7,2,2,3,8,Yes,5,Just me,100%,No,Yes,No,No,No,Kanban,,Yes,2,University,,Research Associate,Geoghraphical information,,Full-time,,Yes,,,,Yes,Yes,No,Yes,Yes,Yes,"Boreal Ecosystem Recovery and Assessment Stakeholder Workshop 2016
Canadian Institute of Forestry SEISMIC LINE RESTORATION TECHNICAL SESSION 2016
TECTERRA Geomatics Showcase 2015",4,"GitHub
BitBucket",1 (Never),"- Willingness to research and develop outside one's technical comfort zone
- Ability to engage and understand stakeholders and collaborate on their needs
- Knowing when to adopt and existing solution or write your own","- Project budgeting/planning
- Familiarity with more programming language paradigms
- Writing more fault-tolerant code that handles errors/unknowns","- Git
- Google
- Terminal",Mac OS,,GNU/Linux,,"- JavaScript
- Ruby
- Python
- PHP
- C",No,No,Yes,Yes,Yes,No,Yes,,Yes,Software,Yes,No,No,Yes,No,Yes,Yes,Yes,Yes,No,,Yes,Yes,Yes,No,No,Yes,Yes,No,,Yes,No,"Facebook, Google, OpenID, Twitter, Persona, RPX",
441,2017-03-06 17:01:58,13,en,2017-03-06 16:54:56,2017-03-06 17:01:58,Canada,,Yes,Doctorate,Physics,,,3,4,2,2,2,2,25,No,2,Just me,0%,No,Yes,No,No,No,No formal methodology,,No,0,University,,Full Professor,Physics,,Full-time,,No,No,Yes,Yes,Yes,Yes,No,Yes,No,Yes,"CANHEIT, CAP",5 (Always),Moodle,1 (Never),"Ability to code, think flexibly when debugging, work with others",the ability to make more time!,,GNU/Linux,,GNU/Linux,,C++ and Python,No,No,Yes,No,No,Yes,No,,Yes,External System,No,,No,No,N/A,N/A,N/A,N/A,N/A,N/A,,Yes,No,No,No,No,Yes,No,No,,Yes,No,,
442,2017-03-06 17:43:08,13,en,2017-03-06 17:37:03,2017-03-06 17:43:08,Canada,,No,College Diploma,Information technology,,,7,1 (never),7,3,2,3,16,No,4,Just me,25%,Yes,Yes,No,No,Prefer not to answer,Kanban,,No,0,Prefer not to answer,,,Information technology,,Contract,,No,,,,No,Prefer not to answer,Prefer not to answer,Prefer not to answer,Prefer not to answer,No,,4,,1 (Never),,,,GNU/Linux,,GNU/Linux,,"Python, Julia, Clojure",No,No,No,Yes,No,No,No,,Prefer not to answer,,Prefer not to answer,,Prefer not to answer,Prefer not to answer,N/A,N/A,N/A,N/A,N/A,N/A,,No,No,No,No,No,No,No,No,,Prefer not to answer,Prefer not to answer,,
443,,3,fr,2017-03-06 20:49:26,2017-03-06 20:50:20,Canada,,Yes,Doctorate,Physics,,,,,,,,,,,,,,N/A,N/A,N/A,N/A,,,,,,,,,,,,,,,,,,,,,,,,,,,,,,,,,,,N/A,N/A,N/A,N/A,N/A,N/A,N/A,,,,,,,,N/A,N/A,N/A,N/A,N/A,N/A,,N/A,N/A,N/A,N/A,N/A,N/A,N/A,N/A,,,,,
444,2017-03-07 08:34:23,13,fr,2017-03-07 08:20:20,2017-03-07 08:34:23,Canada,,Yes,Masters Degree,Chemical engineering,,ing,9,2,9,4,Prefer not to answer,4,20,Yes,1,10+,25%,No,Yes,Yes,Yes,Yes,No formal methodology,,No,0,University,,Professionnel de Recherche,Applied mathematics,,Full-time,,Yes,,,,No,Yes,No,No,No,Yes,HPCS,1 (Never),aucun,1 (Never),"- Capacité à mettre en place des tests de validations automatiques quotidiens sur les logiciels produits
- Savoir utiliser une large gamme d'outils pour gérer tout ce qui entoure un logiciel, ex: git, scripts, makefiles, code coverage
- Connaissance en CHP","- C++ 2011, 2014
- Python
- CMake","git, qtcreator, valgrind",GNU/Linux,,GNU/Linux,,C++,No,No,Yes,No,Yes,Yes,No,Partenaires industriels,Yes,External System,No,,No,Yes,Yes,Yes,Yes,Yes,Yes,No,Colloque?,No,No,No,No,No,Yes,No,No,Chaire industrielle,No,No,"Google (mais pour mon agenda personnel, je ne sais pas si ça répond bien à la question).",
445,2017-03-07 09:46:42,13,fr,2017-03-07 09:27:58,2017-03-07 09:46:42,Canada,,Yes,Doctorate,Other,Génie informatique,"ing., B.Sc.A., M.Sc.A, Ph.D.",4,3,4,3,5 (about half my time),3,20,No,2,2,50%,No,Yes,No,Yes,No,No formal methodology,,No,0,University,,Associé de recherche,Chemical engineering,,Contract,,No,,,,Yes,Yes,Yes,Yes,Yes,Yes,,1 (Never),,1 (Never),"rudiment de génie logiciel
gestionnaire de version
programmation efficace (software carpentry)",rudiment de génie logiciel,Clusters de Calcul Québec,GNU/Linux,,GNU/Linux,,,Yes,No,Yes,No,Yes,Yes,No,,Yes,External System,Yes,Yes,No,Yes,Yes,Yes,Yes,Yes,Yes,No,,Yes,No,No,No,No,Yes,No,No,,Yes,No,Aucun,
449,2017-03-07 10:34:35,13,fr,2017-03-07 10:14:30,2017-03-07 10:34:35,Canada,,Yes,Masters Degree,Other,informatique,Maitrise et bacc,7,1 (never),5 (about half my time),3,2,2,10,Yes,4,10+,25%,No,Yes,No,Yes,Yes,No formal methodology,,Yes,0,University,,Chef d'équipe,Artificial intelligence,,Full-time,,Yes,,,,Yes,Yes,No,No,No,Yes,"plein: GTC (plusieurs fois), Montreal deep learning summer school, autre summer schoold, NIPS, ...",5 (Always),"GitHub, assembla, google code, sourceforge",1 (Never),Bonne structure de code. Capacité à aidé et comprendre les besoins des utilisateur. Capacité de débogging/investigation des problèmes.,Meilleur anglais pour répondre sur les mailing list,"GitHub, travis, emacs",GNU/Linux,,GNU/Linux,,"Python, C++, CUDA",Yes,Yes,Yes,Yes,Yes,Yes,No,,No,,No,,No,Yes,Yes,Yes,No,No,Yes,No,,No,No,Yes,No,No,No,No,No,,Yes,No,,
450,2017-03-07 10:38:55,13,en,2017-03-07 10:16:58,2017-03-07 10:38:55,Canada,,Yes,Doctorate,Hydrology,,,3,3,5 (about half my time),2,3,1 (never),12,No,2,3-5,0%,No,Yes,No,No,Yes,Kanban,,Yes,1,Non-profit,,"Specialist, Climate scenarios and services",Earth science,,Full-time,,No,No,Yes,Yes,Yes,Yes,No,No,Yes,Yes,Earth System Grid Federation Face 2 Face 2016,5 (Always),"Github, Google Code, BitBucket",1 (Never),"Focus - easy to get carried away in the development of the tools and neglect the actual research it is made for. 
Communication - being able to attract a community around the software
Professionalism - writing clean, understandable, maintainable code","Software architecture
Deployment  on production machines
Project management","IPython
Github
Google",GNU/Linux,,GNU/Linux,,"Python
Javascript
Fortran",Yes,No,No,No,Yes,Yes,No,,Yes,External System,Yes,Prefer not to answer,No,Yes,Yes,Yes,Yes,Yes,Yes,No,,Yes,Yes,No,No,No,No,No,No,NRCan,Yes,I'm not familiar with CAF,,
451,2017-03-07 10:37:19,13,en,2017-03-07 10:30:49,2017-03-07 10:37:19,Canada,,Yes,Masters Degree,Artificial intelligence,,,4,4,6,4,2,1 (never),3,Yes,4,3-5,Prefer not to answer,Yes,Yes,No,No,Yes,No formal methodology,,No,0,University,,Deep Learning Analyst,Artificial intelligence,,Full-time,,Prefer not to answer,,,,Yes,Yes,No,Prefer not to answer,Prefer not to answer,No,,3,,1 (Never),,,,GNU/Linux,,GNU/Linux,,"Python, C++",Yes,No,No,No,Yes,Yes,No,,Prefer not to answer,,Prefer not to answer,,No,Prefer not to answer,N/A,N/A,N/A,N/A,N/A,N/A,,No,No,No,No,No,No,No,Yes,,Yes,I'm not familiar with CAF,,
456,2017-03-07 14:02:31,13,en,2017-03-07 10:53:35,2017-03-07 14:02:31,Canada,,No,Doctorate,Artificial intelligence,,,2,2,10 (all my time),1 (never),9,2,40,No,1,3-5,0%,No,Yes,No,Yes,No,No formal methodology,,Yes,,University,,Professor,Artificial intelligence,,Full-time,,No,Yes,,,Yes,Yes,No,Yes,Yes,Yes,,1 (Never),,1 (Never),,,,GNU/Linux,,GNU/Linux,,C,No,No,Yes,No,Yes,Yes,No,,No,,No,,No,No,N/A,N/A,N/A,N/A,N/A,N/A,,No,No,No,No,No,Yes,No,No,,No,No,,
467,2017-03-07 12:12:31,13,en,2017-03-07 11:51:14,2017-03-07 12:12:31,Canada,,Yes,Masters Degree,Mechanical engineering,,,7,2,6,4,3,2,20,Yes,2,6-9,50%,No,Yes,No,Yes,Yes,Scrum,,Yes,1,University,,Scientiffic Computing Analyst,Genetics,,Full-time,,Yes,,,,Yes,Yes,No,Yes,Yes,Yes,High Performance Computing Symposium,5 (Always),bitbucket,1 (Never),"Organized
Flexible
Team work",,"PyCharm
Git
SQuirrel",GNU/Linux,,GNU/Linux,,"Pyhton
Javascript
SQL
BASH
PHP",Yes,No,Yes,No,No,No,No,,Yes,External System,No,,No,No,N/A,N/A,N/A,N/A,N/A,N/A,,No,No,Yes,Yes,Yes,No,No,No,,Yes,No,,
472,2017-03-07 12:21:24,13,en,2017-03-07 12:13:51,2017-03-07 12:21:24,Canada,,Yes,Masters Degree,Artificial intelligence,,,4,3,2,1 (never),2,2,15,Yes,2,3-5,25%,No,Yes,No,Yes,No,No formal methodology,,No,,University,,,Artificial intelligence,,Full-time,,Yes,,,,Yes,Yes,No,No,Yes,No,,5 (Always),,1 (Never),,,,Windows,,GNU/Linux,,,Yes,No,No,No,No,Yes,No,,Yes,External System,Prefer not to answer,,No,No,N/A,N/A,N/A,N/A,N/A,N/A,,No,No,No,No,No,No,No,Yes,,Yes,I'm not familiar with CAF,,
476,2017-03-07 12:39:23,13,en,2017-03-07 12:32:44,2017-03-07 12:39:23,Canada,,Yes,Bachelors Degree,Information technology,,,5 (about half my time),1 (never),4,2,5 (about half my time),1 (never),10,Yes,5,3-5,50%,No,Yes,Yes,Yes,No,No formal methodology,,No,0,Non-profit,,Assistant Director of Data Management,Animal biology,,Full-time,,Yes,,,,Yes,No,No,No,No,Yes,"2015 Symposium on Digital Earth, GLATOS, OTN Symposiums/workshops, US IOOS DMAC, various telemetry conferences in US and Europe",5 (Always),gitlab.oceantrack.org,3,,,"git
atom
Slack",Mac OS,,Prefer not to answer,,"Python
R
PostgreSQL
JavaScript
PHP
Matlab",No,Yes,No,Yes,Yes,Yes,Yes,,Yes,Software,Yes,Yes,No,Yes,Yes,Yes,No,No,Yes,No,,No,No,Yes,No,No,Yes,No,No,,Yes,I'm not familiar with CAF,,
487,2017-03-07 14:15:30,13,en,2017-03-07 14:06:29,2017-03-07 14:15:30,Canada,,Yes,Doctorate,Information technology,,,3,6,8,2,2,4,20,No,4,3-5,75%,No,Yes,No,No,No,Scrum,,No,0,University,,Associate Professor,Information technology,,Full-time,,Yes,,,,Yes,Yes,No,Yes,Yes,Yes,"SIGMOD, WebDB, VLDB, ICDE",4,"GitHub, Bitbucket, Ualberta library",4,Problem solving. Communication. Ability to develop scalable code.,"Software process management, continuos integration.","github, dbpedia, elasticsearch",GNU/Linux,,GNU/Linux,,"Java, Python, C, C++, C",Yes,Yes,No,No,Yes,Yes,No,,Yes,External System,Yes,No,No,Prefer not to answer,N/A,N/A,N/A,N/A,N/A,N/A,,No,No,Yes,No,No,Yes,No,No,,Yes,No,Google,
489,2017-03-07 19:33:45,13,en,2017-03-07 19:19:27,2017-03-07 19:33:45,Canada,,Yes,Doctorate,Theoretical physics and chemistry,,,3,6,9,2,4,2,22,No,3,10+,0%,No,Yes,No,Yes,No,Other,"Mostly ""scrum"" but with a few kanban and waterfall elements. Let's say ""day-to-day scrum"" with ""waterfall yearly mission"" and ""kanban tools""",Yes,0,University,,Professor; University Scholar; Canada Research Chair,Theoretical physics and chemistry,,Full-time,,No,No,Yes,Yes,Yes,Yes,Yes,Yes,No,Yes,"Too many to count, really -- about 3-4 per year.",5 (Always),GitHub,2,"1. Numerical Algorithms/Algorithmic Thinking
2. Software Design Principles and Patterns
3. Language Knowledge","1. Language Knowledge (I know mostly semi-archaic Fortran 77/90/95/2003).
2. GPU/Parallel Programming
3. Improving my ability to think in an Object-Oriented Way","1. GitHub/Travis CI/Etc..
2. Python (and editors/tools like PyCharm, Jupyter)
3. Libraries like numpy, scipy, etc.",GNU/Linux,,Other,"All of the above; mostly Linus, Mac, Windows.","Python
C/C++
Fortran 90/95/2003
Assembler
bash/Perl",Yes,Yes,No,No,Yes,Yes,Yes,,No,,No,,No,Yes,Yes,Yes,Yes,Yes,No,No,,No,No,No,No,No,Yes,No,No,,Yes,No,Google,
491,2017-03-08 10:35:47,13,fr,2017-03-08 09:41:38,2017-03-08 10:35:47,Canada,,Yes,Doctorate,Physics,,,5 (about half my time),3,3,7,5 (about half my time),3,8,No,1,6-9,50%,No,Yes,No,Yes,Yes,No formal methodology,,No,0,University,,Analyste informatique,Artificial intelligence,,Full-time,,Yes,,,,Yes,Yes,No,No,No,No,,5 (Always),GitHub,1 (Never),"Programmation en language haute performance (C, Fortran, python+numpy, ...)
Mathématique appliquée et méthodes numériques
Logiciel de contrôle des versions et gestion de code commun (git, SVN, ...)","Compilateurs et optimisation des programmes
Administration systèmes informatiques
Débuggeurs","Python
Github
SLURM",GNU/Linux,,GNU/Linux,,"Python
C
CUDA",Yes,Yes,No,No,No,No,No,,No,,Yes,Yes,No,Yes,Yes,Yes,No,Yes,Yes,Yes,,No,No,Yes,No,No,Yes,No,No,Dons et contrats entreprises,Yes,I'm not familiar with CAF,Google,
